name,classification,GBS-A_Feb2024,GBS-A_Jun2024,GBS-A_Mar2013,GBS-B_Feb2024,GBS-B_Jun2024,GBS-C_Feb2024,GBS-C_Jun2024,GBS-C_Mar2013,GBS-E_Mar2013,GBS-W_Jun2024,Abundance
GBS-70_Mar13_bin.011,d__Archaea;p__Thermoproteota;c__Thermoprotei;o__Thermoproteales;f__Thermoproteaceae;g__Pyrobaculum;s__,82.7,34,1.9,75.8,71.5,5,2.9,17.4,0.7,496.4,788.5
GBS-W_Jun24_bin.016,d__Archaea;p__Thermoproteota;c__Thermoprotei;o__Thermoproteales;f__Thermoproteaceae;g__Pyrobaculum;s__,52.1,14.8,1.1,47.5,40.8,2.8,1.3,4.8,0.5,457.4,623.1
GBS-W_Jun24_bin.039,d__Archaea;p__Thermoproteota;c__Thermoprotei;o__Thermoproteales;f__Thermoproteaceae;g__Pyrobaculum;s__,2.9,1.1,0.5,2.5,1.5,0.7,0.4,0.3,0.1,455.4,465.3
GBS60_3300020153_50,d__Archaea;p__Thermoproteota;c__Thermoprotei;o__Thermoproteales;f__Thermoproteaceae;g__Pyrobaculum;s__,50.9,16.2,2,48.7,41.3,3.5,1.5,6.6,2.5,421.5,594.7
GBS-W_Jun24_bin.029,d__Archaea;p__Thermoproteota;c__Thermoprotei;o__Thermoproteales;f__Thermoproteaceae;g__Pyrobaculum;s__,0.6,0.5,0.5,0.5,0.4,0.5,0.3,0.1,0.1,408.5,412
GBS70_3300020139_49,d__Archaea;p__Thermoproteota;c__Thermoprotei;o__Thermoproteales;f__Thermoproteaceae;g__Pyrobaculum;s__,57.9,17,2,49.9,44,2.9,1.3,7.4,1.1,398.8,582.3
GBS-W_Jun24_bin.027,d__Archaea;p__Thermoproteota;c__Thermoprotei_A;o__Sulfolobales;f__Acidilobaceae;g__DSZV01;s__,130.9,121.2,0.4,153.2,150.2,46.7,31.3,88.1,0,380.1,1102.1
GBS-W_Jun24_bin.058,d__Bacteria;p__Deinococcota;c__Deinococci;o__Deinococcales;f__Thermaceae;g__Thermus;s__,0.9,13.2,9,0.2,0.1,14.2,30.8,0.1,11.4,222.7,302.6
GBS-A_Feb24_bin.012,d__Archaea;p__Nanobdellota;c__Nanobdellia;o__Nanobdellales;f__Nanobdellaceae;g__;s__,14.4,5.7,0.2,6.4,15.5,0.6,0.2,1.3,0,168.3,212.7
GBS-W_Jun24_bin.025,d__Archaea;p__Thermoproteota;c__Thermoprotei_A;o__Sulfolobales;f__Desulfurococcaceae;g__UBA285;s__,11.9,0.5,0,2.4,0.5,0.2,0.1,0.5,0,93.4,109.4
GBS-70_Mar13_bin.010,d__Archaea;p__Thermoproteota;c__Thermoprotei;o__Thermoproteales;f__Thermoproteaceae;g__Pyrobaculum;s__,8.5,31.1,0.5,23.1,14.9,14.6,4.6,6.8,0.1,85.2,189.4
Thermocrinis jamiesonii,d__Bacteria;p__Aquificota;c__Aquificia;o__Aquificales;f__Aquificaceae;g__Thermocrinis;s__Thermocrinis jamiesonii,286.5,145.2,35.6,381.6,334.5,63.7,23.4,45.2,12.7,80,1408.4
GBS-B_Feb24_bin.040,d__Archaea;p__Thermoproteota;c__Thermoprotei_A;o__Sulfolobales;f__Acidilobaceae;g__DSZV01;s__,40,37,0.2,44.6,38.7,25.9,11.2,21.5,0,75.5,294.5
GBS-C_Feb24_bin.144,d__Archaea;p__Thermoproteota;c__Thermoprotei;o__Thermofilales;f__Thermofilaceae;g__Thermofilum_C;s__,52.8,8.2,0.2,10.2,1.3,11.4,0.3,0.1,0,58.5,143
GBS-W_Jun24_bin.031,d__Archaea;p__Thermoproteota;c__Thermoprotei_A;o__Sulfolobales;f__Desulfurococcaceae;g__UBA285;s__,66.5,0.3,0,6.2,0.2,0.1,0,0,0,53.5,126.7
GBS-A_Feb24_bin.058,d__Archaea;p__Nanobdellota;c__Nanobdellia;o__Nanobdellales;f__Nanobdellaceae;g__;s__,6.6,0.3,0.2,0.9,0.6,0.4,0.1,0.2,0,53.2,62.5
GBS70_3300020139_21,d__Bacteria;p__Deinococcota;c__Deinococci;o__Deinococcales;f__Thermaceae;g__Thermus;s__,1.3,31.9,20.4,0.2,0.2,26,66,0.3,15.1,50.6,211.9
Pyrobaculum sp036833835,d__Archaea;p__Thermoproteota;c__Thermoprotei;o__Thermoproteales;f__Thermoproteaceae;g__Pyrobaculum;s__Pyrobaculum sp036833835,5.7,2.3,0.2,5.1,4.4,0.6,0.3,0.8,0.1,49.1,68.4
GBS-A_Feb24_bin.016,d__Archaea;p__Thermoproteota;c__Thermoprotei_A;o__Sulfolobales;f__Desulfurococcaceae;g__UBA285;s__,12.8,0.4,0,2.2,0.4,0,0,0.3,0,34.1,50.3
GBS60_3300020153_36,d__Bacteria;p__Deinococcota;c__Deinococci;o__Deinococcales;f__Thermaceae;g__Thermus;s__,0.4,8.3,6.4,0.1,0.1,10.8,21.2,0.1,49.1,33.6,130.1
GBS85_3300020145_07,d__Archaea;p__Thermoproteota;c__Thermoprotei_A;o__Sulfolobales;f__Acidilobaceae;g__DSZV01;s__,417,539.4,1.9,628.9,653.4,193.9,141.5,377.2,0,29.6,2982.7
GBS-W_Jun24_bin.041,d__Archaea;p__Thermoproteota;c__Thermoprotei_A;o__Sulfolobales;f__Desulfurococcaceae;g__UBA285;s__,1.1,0.3,0,0.6,0.5,0.1,0.1,0.3,0,21.4,24.4
GBS-A_Feb24_bin.001,d__Archaea;p__Thermoproteota;c__Thermoprotei_A;o__Sulfolobales;f__Desulfurococcaceae;g__UBA285;s__,18.5,0.3,0,2.1,0.2,0.2,0,0.1,0,20.7,42.2
GBS-W_Jun24_bin.059,d__Archaea;p__Thermoproteota;c__Thermoprotei_A;o__Sulfolobales;f__Desulfurococcaceae;g__UBA285;s__,2.8,1.6,0,2.5,2.2,0.6,0.5,1.3,0,16.9,28.4
GBS-A_Feb24_bin.063,d__Archaea;p__Thermoproteota;c__Thermoprotei;o__Thermofilales;f__Thermofilaceae;g__Thermofilum_C;s__,21,3.8,0.1,4.5,0.6,3,0.1,0,0,16.6,49.8
GBS-B_Feb24_bin.043,d__Archaea;p__Thermoproteota;c__Thermoprotei_A;o__Sulfolobales;f__Desulfurococcaceae;g__UBA285;s__,153.9,0.7,0,6.4,0.4,0.1,0,0.1,0,15.1,176.6
GBS-W_Jun24_bin.054,d__Bacteria;p__Armatimonadota;c__Fimbriimonadia;o__Fimbriimonadales;f__GBS-DC;g__GBS-DC;s__,0,0.1,2.1,0,0,0.6,3.1,0,61.1,14.9,82
GBS-W_Jun24_bin.010,d__Archaea;p__Thermoproteota;c__Thermoprotei;o__Thermofilales;f__Thermofilaceae;g__JANXEW01;s__,13.7,0.3,0.2,0.9,0.1,1.1,0.1,0.1,0,11.5,27.9
GBS-W_Jun24_bin.048,d__Archaea;p__Thermoproteota;c__Thermoprotei_A;o__Sulfolobales;f__NBVN01;g__DRZP01;s__,85,3.4,0,4.2,0.8,0.9,0.1,0.3,0,11.5,106.2
GBS-A_Feb24_bin.005,d__Archaea;p__Thermoproteota;c__Thermoprotei;o__Thermoproteales;f__Thermoproteaceae;g__Pyrobaculum;s__,2.9,0.1,0,0.3,0.2,0,0,0,0,11,14.6
GBS-B_Feb24_bin.013,d__Archaea;p__Thermoproteota;c__Thermoprotei_A;o__Sulfolobales;f__Desulfurococcaceae;g__UBA285;s__,178.1,1.8,0,13,1.3,0.9,0,0.1,0,10.2,205.3
GBS-A_Feb24_bin.029,d__Archaea;p__Thermoproteota;c__Thermoprotei_A;o__Sulfolobales;f__Ignisphaeraceae;g__Ignisphaera;s__,8.5,0.7,0.1,1.3,0.8,0.3,0.1,0.7,0,9.7,22.1
Nitrosocaldus yellowstonensis,d__Archaea;p__Thermoproteota;c__Nitrososphaeria;o__Nitrososphaerales;f__Nitrosocaldaceae;g__JBBIQH01;s__,0.1,11,20.9,0.1,0,12.2,51.2,1.1,0.7,9.3,106.6
GBS-W_Jun24_bin.022,d__Archaea;p__Thermoproteota;c__Thermoprotei;o__Thermofilales;f__Thermofilaceae;g__JANXEW01;s__,11.2,0.1,0.1,0.6,0,0.3,0,0,0,9.3,21.6
Caldilinea aerophila,d__Bacteria;p__Chloroflexota;c__Anaerolineae;o__Caldilineales;f__Caldilineaceae;g__Caldilinea;s__Caldilinea aerophila,0,0,0.1,0,0,0.1,0,0,11,8.1,19.4
GBS-B_Feb24_bin.032,d__Archaea;p__Thermoproteota;c__Thermoprotei_A;o__Sulfolobales;f__Ignisphaeraceae;g__Ignisphaera;s__,5.4,0.4,0,1.2,0.1,0.4,0.1,0.1,0,7.4,15.2
Pyrobaculum sp001189275,d__Archaea;p__Thermoproteota;c__Thermoprotei;o__Thermoproteales;f__Thermoproteaceae;g__Pyrobaculum;s__Pyrobaculum sp001189275,0.6,0.4,0,0.7,0.6,0.1,0,0.1,0,6.3,8.9
GBS-A_Feb24_bin.044,d__Archaea;p__Thermoproteota;c__Thermoprotei_A;o__Sulfolobales;f__Desulfurococcaceae;g__UBA285;s__,84,0.4,0,3.5,0.2,0.1,0,0,0,6,94.1
Pyrobaculum sp032249215,d__Archaea;p__Thermoproteota;c__Thermoprotei;o__Thermoproteales;f__Thermoproteaceae;g__Pyrobaculum;s__Pyrobaculum sp032249215,0.5,0.4,0,0.5,0.5,0.1,0,0.1,0,5.4,7.5
GBS-85_Mar13_bin.025,d__Bacteria;p__Aquificota;c__Aquificia;o__Aquificales;f__Aquificaceae;g__Thermocrinis;s__,17.2,13.4,54,23.4,17.8,134.5,36.1,1.3,14.2,5.1,317.1
Rhodococcus_F baikonurensis,d__Bacteria;p__Actinomycetota;c__Actinomycetes;o__Mycobacteriales;f__Mycobacteriaceae;g__Rhodococcus_F;s__Rhodococcus_F baikonurensis,0,0,0,0,0,0,0,0,0,5.1,5.1
GBS-C_Feb24_bin.022,d__Archaea;p__Thermoproteota;c__Thermoprotei_A;o__Sulfolobales;f__Desulfurococcaceae;g__UBA285;s__,40.3,4.9,0.4,10.5,4.2,4,0.4,1.3,0,4.6,70.5
GBS-W_Jun24_bin.032,d__Archaea;p__Thermoproteota;c__Thermoprotei;o__Thermoproteales;f__Thermoproteaceae;g__Pyrobaculum;s__,2.3,0,0,0.2,0.1,0,0,0,0,4.5,7.2
GBS-W_Jun24_bin.001,d__Archaea;p__Thermoproteota;c__Thermoprotei_A;o__Sulfolobales;f__Ignisphaeraceae;g__Ignisphaera;s__,2.3,0.3,0,0.7,0.3,0.1,0.1,0.2,0,4.3,8.4
Thermus aquaticus,d__Bacteria;p__Deinococcota;c__Deinococci;o__Deinococcales;f__Thermaceae;g__Thermus;s__Thermus aquaticus,0.1,1.9,1.2,0,0,1.6,4,0,2.3,4.3,15.3
GBS-W_Jun24_bin.023,d__Archaea;p__Thermoproteota;c__Thermoprotei_A;o__Sulfolobales;f__Desulfurococcaceae;g__UBA285;s__,0.5,0.1,0,0.1,0,0,0,0,0,4.1,4.9
GBS-W_Jun24_bin.052,d__Bacteria;p__Pseudomonadota;c__Alphaproteobacteria;o__Geminicoccales;f__Geminicoccaceae;g__JANXAZ01;s__,0,0,0,0,0,0.1,0,0,2.1,4,6.3
GBS70_3300020139_10,d__Bacteria;p__Bacteroidota_A;c__Rhodothermia;o__Rhodothermales;f__Rhodothermaceae;g__Rhodothermus;s__,0,0,12.9,0,0,0.6,0.5,0,7.5,4,25.6
GBS-W_Jun24_bin.034,d__Archaea;p__Thermoproteota;c__Thermoprotei_A;o__Sulfolobales;f__NBVN01;g__DTCV01;s__,14.9,0.2,0,1,0.2,0.2,0,0.1,0,4,20.7
Pyrobaculum sp022759345,d__Archaea;p__Thermoproteota;c__Thermoprotei;o__Thermoproteales;f__Thermoproteaceae;g__Pyrobaculum;s__Pyrobaculum sp022759345,0.4,0.2,0,0.3,0.3,0.1,0,0,0,3.7,5
GBS-A_Feb24_bin.066,d__Archaea;p__Thermoproteota;c__Thermoprotei_A;o__Sulfolobales;f__Desulfurococcaceae;g__UBA285;s__,2.7,0.1,0,0.3,0.1,0.1,0,0.1,0,3.3,6.6
GBS-A_Feb24_bin.033,d__Archaea;p__Thermoproteota;c__Thermoprotei_A;o__Sulfolobales;f__Ignisphaeraceae;g__Ignisphaera;s__,5.7,0.2,0,0.4,0.2,0,0,0.2,0,3.2,9.9
GBS60_3300020153_25,d__Bacteria;p__Bacteroidota_A;c__Rhodothermia;o__Rhodothermales;f__Rhodothermaceae;g__Rhodothermus;s__,0,0,7,0,0,0.5,0.7,0,13.1,3.1,24.5
GBS-A_Feb24_bin.035,d__Archaea;p__Thermoproteota;c__Thermoprotei;o__Thermoproteales;f__Thermoproteaceae;g__Pyrobaculum;s__,19.2,0.1,0,0.6,0.1,0,0,0,0,3.1,23.1
Thermoflexus hugenholtzii,d__Bacteria;p__Chloroflexota;c__Anaerolineae;o__Thermoflexales;f__Thermoflexaceae;g__Thermoflexus;s__Thermoflexus hugenholtzii,1.5,109.4,133,32.3,18.9,98.7,195.7,109.6,16.9,2.8,718.8
GBS-W_Jun24_bin.020,d__Archaea;p__Thermoproteota;c__Methanomethylicia;o__Nezhaarchaeales;f__WYZ-LMO8;g__WYZ-LMO8;s__,100.5,1.8,0.1,6.8,0.6,1.4,0.1,0,0,2.8,114.1
GBS-W_Jun24_bin.015,d__Bacteria;p__Pseudomonadota;c__Gammaproteobacteria;o__Burkholderiales;f__Burkholderiaceae;g__Tepidimonas;s__,0,0,0,0,0,0.1,0,0,0,2.6,2.7
GBS-W_Jun24_bin.056,d__Archaea;p__Thermoproteota;c__Thermoprotei_A;o__Sulfolobales;f__Ignisphaeraceae;g__Ignisphaera;s__,3.7,0.9,0,1.3,1,0.4,0.2,0.7,0,2.6,10.8
GBS-W_Jun24_bin.014,d__Archaea;p__Thermoproteota;c__Methanomethylicia;o__Nezhaarchaeales;f__WYZ-LMO8;g__WYZ-LMO8;s__,126.6,2.2,0.1,8,0.7,2.4,0.2,0,0,2.4,142.6
Nitrosocaldus gerlachensis,d__Archaea;p__Thermoproteota;c__Nitrososphaeria;o__Nitrososphaerales;f__Nitrosocaldaceae;g__JBBIQH01;s__,1,159,163.5,1.9,0,135.2,431.8,14.5,21.1,2.3,930.4
Thermus sediminis,d__Bacteria;p__Deinococcota;c__Deinococci;o__Deinococcales;f__Thermaceae;g__Thermus;s__Thermus sediminis,0,0.9,0.6,0,0,0.8,1.9,0,1.3,2.3,7.8
Tepidiforma thermophila,d__Bacteria;p__Chloroflexota;c__Dehalococcoidia;o__Tepidiformales;f__Tepidiformaceae;g__Tepidiforma;s__Tepidiforma thermophila,0,0,0,0,0,0,0,0,4.2,2.3,6.5
Thermus sp947085095,d__Bacteria;p__Deinococcota;c__Deinococci;o__Deinococcales;f__Thermaceae;g__Thermus;s__Thermus sp947085095,0,1,0.6,0,0,0.8,2.2,0,1.6,2.2,8.6
GBS-W_Jun24_bin.055,d__Bacteria;p__Bacillota;c__Thermaerobacteria;o__Thermaerobacterales;f__;g__;s__,0.1,0,0,0,0,0.1,0,0,0,2.1,2.3
GBS-C_Jun24_bin.054,d__Bacteria;p__Cyanobacteriota;c__Cyanobacteriia;o__Thermostichales;f__Thermostichaceae;g__Thermostichus;s__,0,0,0.1,0,0,1.8,6.7,0,104.2,2,114.9
GBS-W_Jun24_bin.009,d__Bacteria;p__Cyanobacteriota;c__Cyanobacteriia;o__Thermostichales;f__Thermostichaceae;g__Thermostichus;s__,0,0,0,0,0,0.1,0.2,0,30.9,2,33.3
GBS-A_Feb24_bin.024,d__Archaea;p__Thermoproteota;c__Thermoprotei_A;o__Sulfolobales;f__Ignisphaeraceae;g__Ignisphaera;s__,5.1,1.1,0,1.5,1.4,0.3,0.3,0.9,0,1.9,12.4
DSZV01 sp020833325,d__Archaea;p__Thermoproteota;c__Thermoprotei_A;o__Sulfolobales;f__Acidilobaceae;g__DSZV01;s__DSZV01 sp020833325,3,3.6,0,4.4,4.1,1.5,1,2.6,0,1.9,22
GBS-W_Jun24_bin.035,d__Archaea;p__Thermoproteota;c__Thermoprotei_A;o__Sulfolobales;f__AG1;g__WYEN01;s__,14.9,1.9,0,3.6,0.6,0.1,0,0.2,0,1.8,23.3
Thermus thermophilus,d__Bacteria;p__Deinococcota;c__Deinococci;o__Deinococcales;f__Thermaceae;g__Thermus;s__Thermus thermophilus,0,6.1,0.2,0.2,0,1,4.6,0.1,0.3,1.8,14.4
GBS-W_Jun24_bin.008,d__Bacteria;p__Bacillota;c__Symbiobacteriia;o__Symbiobacteriales;f__ZC4RG38;g__;s__,0.1,0,0.1,0,0,0.1,0.2,0.1,0,1.8,2.4
GBS-W_Jun24_bin.018,d__Archaea;p__Thermoproteota;c__Thermoprotei_A;o__Sulfolobales;f__NBVN01;g__DRZP01;s__,5.9,1,0,5.3,0.2,0.3,0,0,0,1.8,14.5
GBS-W_Jun24_bin.036,d__Bacteria;p__Pseudomonadota;c__Alphaproteobacteria;o__Acetobacterales;f__Acetobacteraceae;g__Neoroseomonas;s__,0,0,0,0,0,0.1,0,0,0,1.6,1.8
Chloroflexus sp000516515,d__Bacteria;p__Chloroflexota;c__Chloroflexia;o__Chloroflexales;f__Chloroflexaceae;g__Chloroflexus;s__Chloroflexus sp000516515,0,0,0,0,0,0.2,0.3,0,65,1.4,67
Calditenuis sp000494145,d__Archaea;p__Thermoproteota;c__Nitrososphaeria_A;o__Caldarchaeales;f__Calditenuaceae;g__Calditenuis;s__Calditenuis sp000494145,348.6,1112.3,83.7,900.6,958.6,380.4,908.7,1102.6,1.2,1.4,5798.1
GBS70_3300020139_26,d__Bacteria;p__Armatimonadota;c__Fimbriimonadia;o__Fimbriimonadales;f__GBS-DC;g__GBS-DC;s__,0,1.2,20.6,0,0.1,3.7,25.1,0,26.1,1.3,78
GBS-60_Mar13_bin.041,d__Bacteria;p__Bacteroidota_A;c__Ignavibacteria;o__Ch128b;f__Ch128b;g__Ch128b;s__,0,0,0,0,0,0,0,0,34.6,1.3,35.9
GBS-B_Feb24_bin.041,d__Archaea;p__Thermoproteota;c__Thermoprotei;o__Thermofilales;f__Thermofilaceae;g__JANXEW01;s__,23,2.4,0.4,3,0.6,8.5,0.3,0.1,0,1.3,39.5
Thermofilum_C sp020833575,d__Archaea;p__Thermoproteota;c__Thermoprotei;o__Thermofilales;f__Thermofilaceae;g__Thermofilum_C;s__Thermofilum_C sp020833575,0.8,0.1,0,0.2,0,0.1,0,0,0,1.3,2.5
GBS-A_Jun24_bin.061,d__Bacteria;p__Armatimonadota;c__Fimbriimonadia;o__Fimbriimonadales;f__GBS-DC;g__GBS-DC;s__,0,2.2,18.1,0,0.1,3.9,31.3,0,25.5,1.2,82.4
Thermus islandicus,d__Bacteria;p__Deinococcota;c__Deinococci;o__Deinococcales;f__Thermaceae;g__Thermus;s__Thermus islandicus,0,0.3,0.2,0,0,0.3,0.8,0,0.4,1.2,3.2
Anoxybacillus ayderensis,d__Bacteria;p__Bacillota;c__Bacilli;o__Bacillales;f__Anoxybacillaceae;g__Anoxybacillus;s__Anoxybacillus ayderensis,0,0,0,0,0,0,0,0,0,1.2,1.2
GBS85_3300020145_11,d__Bacteria;p__WOR-3;c__Hydrothermia;o__LBFQ01;f__LBFQ01;g__Caldipriscus;s__,18.8,31.6,2.7,61,84,5.6,4.7,102.8,0.4,1.2,312.8
GBS-DC sp023511915,d__Bacteria;p__Armatimonadota;c__Fimbriimonadia;o__Fimbriimonadales;f__GBS-DC;g__GBS-DC;s__GBS-DC sp023511915,0,0.1,1.9,0,0,0.5,2.7,0,50.3,1.2,56.8
GBS-W_Jun24_bin.033,d__Bacteria;p__Bacteroidota;c__Bacteroidia;o__Chitinophagales;f__CAIOSU01;g__;s__,0,0,0,0,0,0,0,0,0,1.1,1.2
Thermus sp001311585,d__Bacteria;p__Deinococcota;c__Deinococci;o__Deinococcales;f__Thermaceae;g__Thermus;s__Thermus sp001311585,0,0.3,0.2,0,0,0.3,0.7,0,0.4,1.1,3
GBS-A_Feb24_unaligned_bin.001,d__Archaea;p__Thermoproteota;c__Methanomethylicia;o__Nezhaarchaeales;f__WYZ-LMO8;g__WYZ-LMO8;s__,132.3,1.2,0,3.5,0.2,2.4,0,0,0,1.1,140.8
Pyrobaculum neutrophilum,d__Archaea;p__Thermoproteota;c__Thermoprotei;o__Thermoproteales;f__Thermoproteaceae;g__Pyrobaculum;s__Pyrobaculum neutrophilum,0.1,0,0,0.1,0.1,0,0,0,0,1.1,1.4
GBS-C_Feb24_bin.032,d__Archaea;p__Halobacteriota;c__Archaeoglobi;o__Archaeoglobales;f__Archaeoglobaceae;g__WYZ-LMO2;s__,0.2,0.1,0.1,0.1,0.1,2.2,0,0,0,1.1,3.7
Pyrobaculum sp038879095,d__Archaea;p__Thermoproteota;c__Thermoprotei;o__Thermoproteales;f__Thermoproteaceae;g__Pyrobaculum;s__Pyrobaculum sp038879095,0.1,0,0,0.1,0.1,0,0,0,0,1,1.3
GBS-60_Mar13_unaligned_bin.004,d__Bacteria;p__Cyanobacteriota;c__Cyanobacteriia;o__Thermostichales;f__Thermostichaceae;g__Thermostichus;s__,0,0,0,0,0,0.1,0.1,0,70.5,1,71.8
GBS70_3300020139_39,d__Bacteria;p__WOR-3;c__Hydrothermia;o__LBFQ01;f__LBFQ01;g__Caldipriscus;s__,10.8,21.3,8.3,33.9,42.6,12.2,9.1,52.4,0.7,1,192.4
Pyrobaculum aerophilum,d__Archaea;p__Thermoproteota;c__Thermoprotei;o__Thermoproteales;f__Thermoproteaceae;g__Pyrobaculum;s__Pyrobaculum aerophilum,0,0,0,0.1,0.1,0,0,0,0,1,1.2
Pyrobaculum calidifontis,d__Archaea;p__Thermoproteota;c__Thermoprotei;o__Thermoproteales;f__Thermoproteaceae;g__Pyrobaculum;s__Pyrobaculum calidifontis,0.2,0.1,0,0.1,0.1,0,0,0,0,1,1.5
GBS-W_Jun24_bin.006,d__Bacteria;p__Armatimonadota;c__Fimbriimonadia;o__Fimbriimonadales;f__GBS-DC;g__GBS-DC;s__,0,0.5,8.7,0,0,2.1,11.5,0,31.1,1,54.9
Nanoclepta sp038833255,d__Archaea;p__Nanobdellota;c__Nanobdellia;o__Nanobdellales;f__Nanobdellaceae;g__Nanoclepta;s__Nanoclepta sp038833255,0.1,0.1,0.1,0,0,0,0,0,0,0.9,1.2
GBS-60_Mar13_bin.005,d__Bacteria;p__Armatimonadota;c__Fimbriimonadia;o__Fimbriimonadales;f__GBS-DC;g__GBS-DC;s__,0,0.1,1.6,0,0,0.4,2.3,0,62.1,0.9,67.4
GBS-A_Feb24_bin.010,d__Archaea;p__Thermoproteota;c__Thermoprotei_A;o__Sulfolobales;f__Ignisphaeraceae;g__Ignisphaera;s__,6.2,1.6,0.3,5,0.8,3.2,0.5,0.6,0,0.9,19.1
Pyrobaculum ferrireducens,d__Archaea;p__Thermoproteota;c__Thermoprotei;o__Thermoproteales;f__Thermoproteaceae;g__Pyrobaculum;s__Pyrobaculum ferrireducens,0.1,0,0,0.1,0.1,0,0,0,0,0.9,1.1
Thermus scotoductus,d__Bacteria;p__Deinococcota;c__Deinococci;o__Deinococcales;f__Thermaceae;g__Thermus;s__Thermus scotoductus,0,0.1,0.1,0,0,0.1,0.2,0,0.1,0.9,1.5
GBS-W_Jun24_bin.017,d__Archaea;p__Thermoproteota;c__Thermoprotei_A;o__Sulfolobales;f__Fervidicoccaceae;g__;s__,3.6,0.2,0,1.1,0.1,0,0,0,0,0.9,5.9
Thermocrinis sp036781485,d__Bacteria;p__Aquificota;c__Aquificia;o__Aquificales;f__Aquificaceae;g__Thermocrinis;s__Thermocrinis sp036781485,2.7,2,7.6,4,3.4,18.8,5,0.3,2.4,0.8,47
GBS-A_Feb24_bin.074,d__Archaea;p__Thermoproteota;c__Methanomethylicia;o__Nezhaarchaeales;f__WYZ-LMO8;g__WYZ-LMO8;s__,111.3,1,0,2.7,0.2,2.4,0,0,0,0.8,118.6
GBS-A_Feb24_unaligned_bin.002,d__Archaea;p__Thermoproteota;c__Methanomethylicia;o__Nezhaarchaeales;f__WYZ-LMO8;g__WYZ-LMO8;s__,93.7,1,0.1,2.7,0.2,2.6,0.1,0,0,0.8,101.1
Pyrobaculum sp020833025,d__Archaea;p__Thermoproteota;c__Thermoprotei;o__Thermoproteales;f__Thermoproteaceae;g__Pyrobaculum;s__Pyrobaculum sp020833025,0.1,0,0,0.1,0.1,0,0,0,0,0.8,1
Thermus arciformis,d__Bacteria;p__Deinococcota;c__Deinococci;o__Deinococcales;f__Thermaceae;g__Thermus;s__Thermus arciformis,0,0.2,0.1,0,0,0.2,0.5,0,0.3,0.8,2.1
GBS-C_Jun24_bin.013,d__Archaea;p__Micrarchaeota;c__Micrarchaeia;o__Anstonellales;f__J096;g__JAADEL01;s__,0,0.1,0.4,0,0,3.9,3.7,0,0.1,0.7,8.9
GBS-A_Feb24_bin.020,d__Archaea;p__Thermoproteota;c__Nitrososphaeria_A;o__Caldarchaeales;f__Calditenuaceae;g__Calditenuis;s__,437.6,130.9,9.7,418.4,465.1,26.5,61.8,170.5,0.2,0.7,1721.4
GBS60_3300020153_15,d__Bacteria;p__Chloroflexota;c__Anaerolineae;o__J102;f__J102;g__SSF26;s__,0,0,0.1,0,0,0.1,0,0,8.4,0.7,9.4
GBS-C_Feb24_bin.092,d__Archaea;p__Thermoproteota;c__Methanomethylicia;o__Nezhaarchaeales;f__WYZ-LMO8;g__WYZ-LMO8;s__,125.1,1.6,0.1,2.4,0.2,9,0,0,0,0.7,139.2
GBS-C_Feb24_bin.054,d__Archaea;p__Thermoproteota;c__Thermoprotei_A;o__Sulfolobales;f__NBVN01;g__DRZP01;s__,51.8,6.6,0.1,3.3,0.5,3,0.1,0.1,0,0.7,66.2
GBS60_3300020153_29,d__Bacteria;p__Pseudomonadota;c__Alphaproteobacteria;o__Geminicoccales;f__Geminicoccaceae;g__JANXAZ01;s__,0,0,0,0,0,0.2,0,0,7.6,0.7,8.5
GBS-B_Feb24_bin.047,d__Archaea;p__Thermoproteota;c__Thermoprotei_A;o__Sulfolobales;f__AG1;g__WYEN01;s__,7.1,1,0,1.9,0.2,0,0,0,0,0.7,10.8
Calescibacterium nevadense,d__Bacteria;p__Calescibacteriota;c__Calescibacteriia;o__Calescibacteriales;f__Calescibacteriaceae;g__Calescibacterium;s__Calescibacterium nevadense,8.9,44.2,33.4,40.2,34.6,49.4,46.4,123.6,9.7,0.6,391.1
Thermus sp039793865,d__Bacteria;p__Deinococcota;c__Deinococci;o__Deinococcales;f__Thermaceae;g__Thermus;s__Thermus sp039793865,0,0.3,0.1,0,0,0.2,0.5,0,0.2,0.6,2.1
GBS-A_Jun24_bin.040,d__Archaea;p__Thermoproteota;c__Thermoprotei_A;o__Sulfolobales;f__Fervidicoccaceae;g__;s__,5.9,2.5,0,2.5,0.9,0.6,0,0.1,0,0.6,13.1
Pyrobaculum sp038832545,d__Archaea;p__Thermoproteota;c__Thermoprotei;o__Thermoproteales;f__Thermoproteaceae;g__Pyrobaculum;s__Pyrobaculum sp038832545,0,0,0,0,0,0,0,0,0,0.6,0.7
GBS-A_Feb24_bin.045,d__Archaea;p__Thermoproteota;c__Thermoprotei_A;o__Sulfolobales;f__Fervidicoccaceae;g__WYEQ01;s__,4.7,0.3,0.5,0.8,0.1,0.5,0.2,0.1,0,0.6,7.7
Thermaerobacter sp036564035,d__Bacteria;p__Bacillota;c__Thermaerobacteria;o__Thermaerobacterales;f__Thermaerobacteraceae;g__Thermaerobacter;s__Thermaerobacter sp036564035,0,0,0,0,0,0,0,0,0,0.6,0.6
Thermus igniterrae,d__Bacteria;p__Deinococcota;c__Deinococci;o__Deinococcales;f__Thermaceae;g__Thermus;s__Thermus igniterrae,0,0.2,0.1,0,0,0.2,0.4,0,0.3,0.6,1.8
Pyrobaculum sp025641885,d__Archaea;p__Thermoproteota;c__Thermoprotei;o__Thermoproteales;f__Thermoproteaceae;g__Pyrobaculum;s__Pyrobaculum sp025641885,0,0,0,0.1,0.1,0,0,0,0,0.6,0.8
Pyrobaculum sp041287325,d__Archaea;p__Thermoproteota;c__Thermoprotei;o__Thermoproteales;f__Thermoproteaceae;g__Pyrobaculum;s__Pyrobaculum sp041287325,0,0,0,0,0,0,0,0,0,0.6,0.7
Pyrobaculum oguniense,d__Archaea;p__Thermoproteota;c__Thermoprotei;o__Thermoproteales;f__Thermoproteaceae;g__Pyrobaculum;s__Pyrobaculum oguniense,0,0,0,0,0,0,0,0,0,0.6,0.7
GBS-A_Feb24_bin.036,d__Archaea;p__Thermoproteota;c__Thermoprotei_A;o__Sulfolobales;f__Fervidicoccaceae;g__WYEQ01;s__,4.3,0.3,0.5,0.7,0.1,0.5,0.1,0.1,0,0.5,7
Pyrobaculum islandicum,d__Archaea;p__Thermoproteota;c__Thermoprotei;o__Thermoproteales;f__Thermoproteaceae;g__Pyrobaculum;s__Pyrobaculum islandicum,0.1,0,0,0,0,0,0,0,0,0.5,0.7
Ignisphaera sp020833345,d__Archaea;p__Thermoproteota;c__Thermoprotei_A;o__Sulfolobales;f__Ignisphaeraceae;g__Ignisphaera;s__Ignisphaera sp020833345,0.4,0,0,0,0,0,0,0,0,0.5,1
Thermus oshimai,d__Bacteria;p__Deinococcota;c__Deinococci;o__Deinococcales;f__Thermaceae;g__Thermus;s__Thermus oshimai,0,0.2,1.1,0,0,0.2,0.4,0,0.2,0.5,2.6
Thermus thermophilus_C,d__Bacteria;p__Deinococcota;c__Deinococci;o__Deinococcales;f__Thermaceae;g__Thermus;s__Thermus thermophilus_C,0,0.4,0.1,0,0,0.2,0.6,0,0.2,0.5,2
GBS-A_Feb24_bin.068,d__Archaea;p__Thermoproteota;c__Thermoprotei_A;o__Sulfolobales;f__Desulfurococcaceae;g__UBA285;s__,4.9,0.1,0,0.4,0.1,0.1,0,0.1,0,0.5,6.1
GBS-85_Mar13_bin.083,d__Bacteria;p__WOR-3;c__Hydrothermia;o__LBFQ01;f__LBFQ01;g__Caldipriscus;s__,7,12.6,4.3,21.2,29.2,5.5,4.8,36.7,0.4,0.5,122.2
GBS70_3300020139_51,d__Archaea;p__Halobacteriota;c__Archaeoglobi;o__Archaeoglobales;f__Archaeoglobaceae;g__;s__,0.2,0.1,2.6,0.1,0,1.8,0.3,0.1,0,0.5,5.6
GBS-60_Mar13_bin.030,d__Bacteria;p__Armatimonadota;c__Fimbriimonadia;o__Fimbriimonadales;f__GBS-DC;g__GBS-DC;s__,0,0.1,2.7,0,0,0.4,2,0,30.9,0.4,36.6
DSZV01 sp028276165,d__Archaea;p__Thermoproteota;c__Thermoprotei_A;o__Sulfolobales;f__Acidilobaceae;g__DSZV01;s__DSZV01 sp028276165,0.7,1,0,1.1,1.1,0.4,0.3,0.7,0,0.4,5.8
Thermus composti,d__Bacteria;p__Deinococcota;c__Deinococci;o__Deinococcales;f__Thermaceae;g__Thermus;s__Thermus composti,0,0.2,0.1,0,0,0.1,0.4,0,0.2,0.4,1.5
Thermostichus sp000013205,d__Bacteria;p__Cyanobacteriota;c__Cyanobacteriia;o__Thermostichales;f__Thermostichaceae;g__Thermostichus;s__Thermostichus sp000013205,0,0,0,0,0,0,0.1,0,14.5,0.4,15
Thermus parvatiensis,d__Bacteria;p__Deinococcota;c__Deinococci;o__Deinococcales;f__Thermaceae;g__Thermus;s__Thermus parvatiensis,0,0.7,0.1,0,0,0.2,0.7,0,0.1,0.4,2.3
GBS-A_Feb24_bin.056,d__Archaea;p__Thermoproteota;c__Thermoprotei_A;o__Sulfolobales;f__Desulfurococcaceae;g__UBA285;s__,62.4,4.9,0.6,11.9,1.4,6.7,0.2,0,0,0.4,88.4
GBS-70_Mar13_bin.002,d__Archaea;p__Aenigmatarchaeota;c__Aenigmatarchaeia;o__CG10238-14;f__SpSt-28;g__SpSt-28;s__,0.9,5.2,1.5,1,0.6,6.2,5.2,1.3,0.1,0.4,22.4
Thermus sp000236585,d__Bacteria;p__Deinococcota;c__Deinococci;o__Deinococcales;f__Thermaceae;g__Thermus;s__Thermus sp000236585,0,0.2,0.1,0,0,0.1,0.3,0,0.2,0.4,1.3
GBS-C_Feb24_bin.117,d__Archaea;p__Thermoproteota;c__Thermoprotei_A;o__Sulfolobales;f__NBVN01;g__DRZP01;s__,9.8,5.9,0.2,4.8,1.6,10.8,0.5,0.4,0,0.4,34.4
GBS-60_Mar13_bin.078,d__Bacteria;p__Armatimonadota;c__Fimbriimonadia;o__Fimbriimonadales;f__GBS-DC;g__GBS-DC;s__,0,0.1,1.5,0,0,0.3,1.6,0,87.5,0.4,91.4
GBS85_3300020145_06,d__Archaea;p__Thermoproteota;c__Thermoprotei_A;o__Sulfolobales;f__AG1;g__AG1;s__,74.8,87.9,0.6,138.7,158.1,0.8,11.5,111.7,0,0.4,584.6
Thermus thalpophilus,d__Bacteria;p__Deinococcota;c__Deinococci;o__Deinococcales;f__Thermaceae;g__Thermus;s__Thermus thalpophilus,0,0.2,0.1,0,0,0.1,0.3,0,0.2,0.4,1.2
Thermus amyloliquefaciens,d__Bacteria;p__Deinococcota;c__Deinococci;o__Deinococcales;f__Thermaceae;g__Thermus;s__Thermus amyloliquefaciens,0,0.2,0.1,0,0,0.1,0.3,0,0.2,0.4,1.3
Thermus neutrinimicus,d__Bacteria;p__Deinococcota;c__Deinococci;o__Deinococcales;f__Thermaceae;g__Thermus;s__Thermus neutrinimicus,0,0.1,0.1,0,0,0.1,0.2,0,0.1,0.4,0.9
GBS-60_Mar13_bin.056,d__Bacteria;p__Armatimonadota;c__Fimbriimonadia;o__Fimbriimonadales;f__GBS-DC;g__GBS-DC;s__,0,0.1,2.4,0,0,0.4,2.1,0,36.9,0.4,42.2
Thermoproteus sp002077075,d__Archaea;p__Thermoproteota;c__Thermoprotei;o__Thermoproteales;f__Thermoproteaceae;g__Thermoproteus;s__Thermoproteus sp002077075,0,0,0,0,0,0,0,0,0,0.4,0.5
GBS-A_Jun24_bin.030,d__Archaea;p__Thermoproteota;c__Thermoprotei_A;o__Sulfolobales;f__NBVN01;g__DRZP01;s__,6.8,3.9,0.1,3.1,1.1,5.2,0.4,0.3,0,0.4,21.1
Thermus brockianus,d__Bacteria;p__Deinococcota;c__Deinococci;o__Deinococcales;f__Thermaceae;g__Thermus;s__Thermus brockianus,0,0.1,0.1,0,0,0.1,0.3,0,0.1,0.4,1.1
Thermus sp040363165,d__Bacteria;p__Deinococcota;c__Deinococci;o__Deinococcales;f__Thermaceae;g__Thermus;s__Thermus sp040363165,0,0.1,0.1,0,0,0.1,0.3,0,0.1,0.3,1
Thermus hydrothermalis,d__Bacteria;p__Deinococcota;c__Deinococci;o__Deinococcales;f__Thermaceae;g__Thermus;s__Thermus hydrothermalis,0,0.1,0.1,0,0,0.1,0.3,0,0.1,0.3,1.1
GBS-60_Mar13_bin.103,d__Bacteria;p__Armatimonadota;c__Fimbriimonadia;o__Fimbriimonadales;f__GBS-DC;g__GBS-DC;s__,0,0.1,2.2,0,0,0.4,2,0,19.7,0.3,24.8
GBS-B_Jun24_bin.004,d__Archaea;p__Thermoproteota;c__Thermoprotei_A;o__Sulfolobales;f__Ignisphaeraceae;g__Ignisphaera;s__,9.5,3.3,0.6,9.4,1.5,7.7,1,1,0,0.3,34.4
GBS60_3300020153_40,d__Bacteria;p__Cyanobacteriota;c__Cyanobacteriia;o__Gloeomargaritales;f__Gloeomargaritaceae;g__Gloeomargarita;s__,0,0,0,0,0,0,0,0,118.6,0.3,119
GBS-A_Feb24_bin.027,d__Archaea;p__Thermoproteota;c__Thermoprotei_A;o__Sulfolobales;f__Desulfurococcaceae;g__UBA285;s__,8.3,0.7,0,1.2,0.8,0.5,0.2,0.5,0,0.3,12.6
Thermus caliditerrae,d__Bacteria;p__Deinococcota;c__Deinococci;o__Deinococcales;f__Thermaceae;g__Thermus;s__Thermus caliditerrae,0,0.1,0.1,0,0,0.1,0.3,0,0.1,0.3,1
Thermus thermamylovorans,d__Bacteria;p__Deinococcota;c__Deinococci;o__Deinococcales;f__Thermaceae;g__Thermus;s__Thermus thermamylovorans,0,0.2,0.1,0,0,0.1,0.3,0,0.1,0.3,1.1
GBS-B_Feb24_bin.016,d__Bacteria;p__Desulfobacterota;c__Thermodesulfobacteria;o__Thermodesulfobacteriales;f__Thermodesulfobacteriaceae;g__WYEG01;s__,3,1.6,10.8,1.4,0.4,38.7,0.7,0.3,0.4,0.3,57.4
Thermus sp037444525,d__Bacteria;p__Deinococcota;c__Deinococci;o__Deinococcales;f__Thermaceae;g__Thermus;s__Thermus sp037444525,0,0.1,0.1,0,0,0.1,0.3,0,0.2,0.3,1.1
GBS-B_Jun24_bin.007,d__Archaea;p__Thermoproteota;c__Thermoprotei;o__Thermofilales;f__Thermofilaceae;g__JANXEW01;s__,8.3,1,0.2,1.1,0.4,2.8,0.1,0,0,0.3,14.1
Thermus sp041641215,d__Bacteria;p__Deinococcota;c__Deinococci;o__Deinococcales;f__Thermaceae;g__Thermus;s__Thermus sp041641215,0,0.1,0.1,0,0,0.1,0.3,0,0.1,0.3,1
GBS-A_Feb24_bin.072,d__Archaea;p__Thermoproteota;c__Thermoprotei_A;o__Sulfolobales;f__NBVN01;g__DRZP01;s__,91.5,11.7,0,5.4,0.3,0.4,0,0,0,0.3,109.6
Tepidimonas sp020723845,d__Bacteria;p__Pseudomonadota;c__Gammaproteobacteria;o__Burkholderiales;f__Burkholderiaceae;g__Tepidimonas;s__Tepidimonas sp020723845,0,0,0,0,0,0,0,0,0,0.3,0.3
DSZV01 sp030549835,d__Archaea;p__Thermoproteota;c__Thermoprotei_A;o__Sulfolobales;f__Acidilobaceae;g__DSZV01;s__DSZV01 sp030549835,0.3,0.3,0,0.5,0.4,0.1,0.1,0.3,0,0.3,2.3
Anoxybacillus gonensis,d__Bacteria;p__Bacillota;c__Bacilli;o__Bacillales;f__Anoxybacillaceae;g__Anoxybacillus;s__Anoxybacillus gonensis,0,0,0,0,0,0,0,0,0,0.3,0.3
Pyrobaculum arsenaticum,d__Archaea;p__Thermoproteota;c__Thermoprotei;o__Thermoproteales;f__Thermoproteaceae;g__Pyrobaculum;s__Pyrobaculum arsenaticum,0,0,0,0,0,0,0,0,0,0.3,0.4
Thermus antranikianii,d__Bacteria;p__Deinococcota;c__Deinococci;o__Deinococcales;f__Thermaceae;g__Thermus;s__Thermus antranikianii,0,0.1,0,0,0,0.1,0.1,0,0.1,0.2,0.6
GBS-C_Feb24_bin.003,d__Archaea;p__Thermoproteota;c__Thermoprotei;o__Thermofilales;f__Thermofilaceae;g__JANXEW01;s__,1.5,1,3.7,1,0.1,8.9,0.8,1.3,0,0.2,18.5
JANXDC01 sp025998875,d__Bacteria;p__Bacteroidota_A;c__Rhodothermia;o__JANXDC01;f__JANXDC01;g__JANXDC01;s__JANXDC01 sp025998875,0,0,12,0,0,3.3,2.9,0,1.5,0.2,20
GBS-B_Feb24_bin.031,d__Archaea;p__Thermoproteota;c__Thermoprotei_A;o__Sulfolobales;f__NBVN01;g__DTCV01;s__,6.5,4.3,0.4,6.9,1.4,10.9,0.5,0.6,0,0.2,31.7
Thermus tengchongensis,d__Bacteria;p__Deinococcota;c__Deinococci;o__Deinococcales;f__Thermaceae;g__Thermus;s__Thermus tengchongensis,0,0.1,0,0,0,0.1,0.2,0,0.1,0.2,0.7
GBS60_3300020153_27,d__Bacteria;p__Sysuimicrobiota;c__Sysuimicrobiia;o__Sysuimicrobiales;f__Sysuimicrobiaceae;g__Tepidifontimicrobium;s__,0,0.1,31.1,0,0,11.9,7.1,0.1,10,0.2,60.5
SpSt-28 sp038996625,d__Archaea;p__Aenigmatarchaeota;c__Aenigmatarchaeia;o__CG10238-14;f__SpSt-28;g__SpSt-28;s__SpSt-28 sp038996625,0,0,0,0,0,0,0,0,0,0.2,0.4
Thermus tenuipuniceus,d__Bacteria;p__Deinococcota;c__Deinococci;o__Deinococcales;f__Thermaceae;g__Thermus;s__Thermus tenuipuniceus,0,0.1,0,0,0,0.1,0.1,0,0.1,0.2,0.6
UBA285 sp028275705,d__Archaea;p__Thermoproteota;c__Thermoprotei_A;o__Sulfolobales;f__Desulfurococcaceae;g__UBA285;s__UBA285 sp028275705,0.5,0,0,0.1,0,0,0,0,0,0.2,0.9
630D-37 sp017743695,d__Bacteria;p__Chloroflexota;c__Anaerolineae;o__Anaerolineales;f__Villigracilaceae;g__630D-37;s__630D-37 sp017743695,0,0,0.2,0,0,0.1,0,0,0.3,0.2,0.8
UBA285 sp020833245,d__Archaea;p__Thermoproteota;c__Thermoprotei_A;o__Sulfolobales;f__Desulfurococcaceae;g__UBA285;s__UBA285 sp020833245,0.6,0,0,0,0,0,0,0,0,0.2,0.9
UBA11096 sp011006175,d__Bacteria;p__Aquificota;c__Aquificia;o__Aquificales;f__Aquificaceae;g__UBA11096;s__UBA11096 sp011006175,0.4,0.2,0.1,0.4,0.2,0.3,0,0,0,0.2,1.9
GBS70_3300020139_28,d__Bacteria;p__Bacteroidota_A;c__Kapaibacteriia;o__Kapaibacteriales;f__HRBIN21;g__HRBIN21;s__,0,4.9,56.9,0,0,19,31.5,0.2,5.9,0.2,118.6
GBS-A_Jun24_bin.043,d__Archaea;p__Thermoproteota;c__Bathyarchaeia;o__Bathyarchaeales;f__DTEX01;g__DTEX01;s__,1,1.7,1.1,0.4,0.1,14.4,1.5,0.1,0.6,0.2,21
Thermus altitudinis,d__Bacteria;p__Deinococcota;c__Deinococci;o__Deinococcales;f__Thermaceae;g__Thermus;s__Thermus altitudinis,0,0.1,0,0,0,0.1,0.2,0,0.1,0.2,0.6
Thermus caldifontis,d__Bacteria;p__Deinococcota;c__Deinococci;o__Deinococcales;f__Thermaceae;g__Thermus;s__Thermus caldifontis,0,0.1,0,0,0,0.1,0.1,0,0.1,0.2,0.6
JANXEW01 sp028275925,d__Archaea;p__Thermoproteota;c__Thermoprotei;o__Thermofilales;f__Thermofilaceae;g__JANXEW01;s__JANXEW01 sp028275925,0.5,0.1,0.1,0.1,0,0.3,0,0,0,0.2,1.4
GBS60_3300020153_44,d__Bacteria;p__Bacteroidota_A;c__Kapaibacteriia;o__Kapaibacteriales;f__HRBIN21;g__HRBIN21;s__,0,3.7,49.1,0,0,20.1,23.9,0.1,9.8,0.2,106.9
GBS-B_Jun24_bin.006,d__Archaea;p__Thermoproteota;c__Thermoprotei;o__Thermofilales;f__Thermofilaceae;g__JANXEW01;s__,5.7,0.6,0.1,0.7,0.3,1.8,0.1,0,0,0.2,9.6
JANXAZ01 sp023512415,d__Bacteria;p__Pseudomonadota;c__Alphaproteobacteria;o__Geminicoccales;f__Geminicoccaceae;g__JANXAZ01;s__JANXAZ01 sp023512415,0,0,0,0,0,0,0,0,0.6,0.2,0.8
GBS-C_Jun24_bin.031,d__Bacteria;p__Bipolaricaulota;c__Bipolaricaulia;o__Bipolaricaulales;f__Bipolaricaulaceae;g__DTER01;s__,0.2,17.2,112,0.3,0,316.2,19.2,0.5,0.1,0.2,465.9
Thermus albus,d__Bacteria;p__Deinococcota;c__Deinococci;o__Deinococcales;f__Thermaceae;g__Thermus;s__Thermus albus,0,0.1,0,0,0,0,0.1,0,0.1,0.2,0.5
GBS70_3300020139_31,d__Bacteria;p__Bipolaricaulota;c__Bipolaricaulia;o__RBG-16-55-9;f__DRXL01;g__JANXCC01;s__,0,0,63.5,0,0,1.6,18.7,0,74.4,0.1,158.5
GBS-A_Feb24_bin.064,d__Archaea;p__Thermoproteota;c__Thermoprotei_A;o__Sulfolobales;f__Desulfurococcaceae;g__UBA285;s__,7.5,0.2,0,0.4,0.1,0.2,0,0,0,0.1,8.5
GBS-C_Feb24_bin.020,d__Archaea;p__Thermoproteota;c__Methanomethylicia;o__Nezhaarchaeales;f__WYZ-LMO8;g__WYZ-LMO8;s__,10.9,0.2,0,0.5,0,0.8,0,0,0,0.1,12.6
GBS-85_Mar13_bin.038,d__Archaea;p__Thermoproteota;c__Nitrososphaeria_A;o__Caldarchaeales;f__Caldarchaeaceae;g__;s__,0.1,14.4,101.6,0.1,0,98.1,212,1.2,9,0.1,436.7
UBA285 sp020833225,d__Archaea;p__Thermoproteota;c__Thermoprotei_A;o__Sulfolobales;f__Desulfurococcaceae;g__UBA285;s__UBA285 sp020833225,1.1,0.1,0,0.2,0.1,0.1,0,0,0,0.1,1.7
Thermomicrobium sp034434855,d__Bacteria;p__Chloroflexota;c__Chloroflexia;o__Thermomicrobiales;f__Thermomicrobiaceae;g__Thermomicrobium;s__Thermomicrobium sp034434855,0,0.1,40.3,0,0,21,8.1,0,14.4,0.1,84
GBS-A_Feb24_bin.047,d__Bacteria;p__Desulfobacterota;c__Thermodesulfobacteria;o__Thermodesulfobacteriales;f__Thermodesulfobacteriaceae;g__WYEG01;s__,1.8,0.8,5.8,0.5,0.2,19.7,0.4,0.2,0.2,0.1,29.6
Fervidibacter sacchari,d__Bacteria;p__Armatimonadota;c__HRBIN17;o__HRBIN17;f__HRBIN17;g__Fervidibacter;s__Fervidibacter sacchari,128.5,225.7,143.6,198.1,266.6,106.2,113.4,423.9,7,0.1,1613.1
GBS-60_Mar13_bin.095,d__Archaea;p__Micrarchaeota;c__Micrarchaeia;o__CABMEP01;f__CABMEP01;g__DTQF01;s__,0.6,0.6,1.5,1.3,0.7,2.9,0.5,0.1,2.9,0.1,11.1
Thermus caldilimi,d__Bacteria;p__Deinococcota;c__Deinococci;o__Deinococcales;f__Thermaceae;g__Thermus;s__Thermus caldilimi,0,0.1,0,0,0,0,0.1,0,0.1,0.1,0.5
GBS-A_Jun24_bin.060,d__Archaea;p__Thermoproteota;c__Thermoprotei_A;o__Sulfolobales;f__NBVN01;g__Zestosphaera;s__,0.6,2.2,2.2,1.6,0.3,3,0.4,0.2,0,0.1,10.6
GBS-C_Feb24_bin.071,d__Bacteria;p__Bacteroidota_A;c__Kapaibacteriia;o__Kapaibacteriales;f__HRBIN21;g__HRBIN21;s__,0,4,39.9,0,0,17.6,24.5,0.1,5.5,0.1,91.9
GBS70_3300020139_23,d__Bacteria;p__Chloroflexota;c__Anaerolineae;o__SpSt-600;f__SpSt-600;g__SpSt-600;s__,0.1,8.3,130.6,0.2,0,129.2,15.2,0.1,0.5,0.1,284.3
GBS70_3300020139_53,d__Bacteria;p__Bipolaricaulota;c__Bipolaricaulia;o__Bipolaricaulales;f__Bipolaricaulaceae;g__DTER01;s__,0.3,15.4,98.6,0.4,0.2,255.2,15.5,0.9,0.1,0.1,386.7
Chloroflexus sp017743535,d__Bacteria;p__Chloroflexota;c__Chloroflexia;o__Chloroflexales;f__Chloroflexaceae;g__Chloroflexus;s__Chloroflexus sp017743535,0,0,0,0,0,0,0,0,4.9,0.1,5
GBS-A_Jun24_bin.054,d__Bacteria;p__Patescibacteriota;c__Minisyncoccia;o__UBA6257;f__HR35;g__HRBIN35;s__,0,2.2,1.1,0.1,0,7.3,2.6,0.5,2.2,0.1,16.2
GBS-60_Mar13_bin.081,d__Bacteria;p__Bdellovibrionota_B;c__UBA2361;o__JANWWW01;f__JANWWW01;g__;s__,0,0,0,0,0,0.2,0,0,6.1,0.1,6.4
GBS-C_Feb24_bin.161,d__Bacteria;p__Thermotogota;c__Thermotogae;o__Thermotogales;f__Fervidobacteriaceae;g__Fervidobacterium;s__,0,0,0.6,0,0,1.3,0.4,0,0.2,0.1,2.6
Thermus_A filiformis,d__Bacteria;p__Deinococcota;c__Deinococci;o__Deinococcales;f__Thermaceae;g__Thermus_A;s__Thermus_A filiformis,0,0,0,0,0,0,0.1,0,0,0.1,0.3
GBS-C_Feb24_bin.118,d__Archaea;p__Thermoproteota;c__Methanomethylicia;o__Methanomethylicales;f__Methanomethylicaceae;g__WYZ-LMO11;s__,0.4,0.3,0.8,0.4,0.4,3.8,0.3,0.3,0,0.1,6.8
JANWXJ01 sp025055335,d__Bacteria;p__Pseudomonadota;c__Alphaproteobacteria;o__Acetobacterales;f__Acetobacteraceae;g__JANWXJ01;s__JANWXJ01 sp025055335,0,0,0,0,0,0,0,0,0,0.1,0.1
GBS-A_Feb24_bin.004,d__Archaea;p__Thermoproteota;c__Methanomethylicia;o__Nezhaarchaeales;f__WYZ-LMO8;g__WYZ-LMO8;s__,8.3,0.1,0,0.3,0,0.4,0,0,0,0.1,9.4
GBS-A_Feb24_bin.061,d__Archaea;p__Thermoproteota;c__Thermoprotei_A;o__EX4484-217-1;f__EX4484-217-1;g__DRYM01;s__,11.4,0.6,0,0.7,0.2,0.9,0,0.2,0,0.1,14.1
DSZV01 sp029335875,d__Archaea;p__Thermoproteota;c__Thermoprotei_A;o__Sulfolobales;f__Acidilobaceae;g__DSZV01;s__DSZV01 sp029335875,0.1,0.1,0,0.2,0.2,0.1,0,0.1,0,0.1,0.9
UBA285 sp038888155,d__Archaea;p__Thermoproteota;c__Thermoprotei_A;o__Sulfolobales;f__Desulfurococcaceae;g__UBA285;s__UBA285 sp038888155,0.2,0,0,0.1,0.1,0,0,0.3,0,0.1,0.8
GBS-A_Feb24_bin.048,d__Archaea;p__Thermoproteota;c__Methanomethylicia;o__Nezhaarchaeales;f__WYZ-LMO8;g__WYZ-LMO8;s__,10.2,0.2,0.1,0.5,0,0.7,0,0,0,0.1,11.8
GBS-60_Mar13_bin.036,d__Bacteria;p__Pseudomonadota;c__Gammaproteobacteria;o__Burkholderiales;f__Thiobacteraceae;g__Thiobacter;s__,0,0,0,0,0,0,0,0,1.7,0.1,1.8
GBS-A_Feb24_bin.067,d__Archaea;p__Thermoproteota;c__Methanomethylicia;o__Nezhaarchaeales;f__WYZ-LMO8;g__WYZ-LMO8;s__,10,0.1,0,0.3,0,0.7,0,0,0,0.1,11.3
UBA11096 sp003534055,d__Bacteria;p__Aquificota;c__Aquificia;o__Aquificales;f__Aquificaceae;g__UBA11096;s__UBA11096 sp003534055,0,0,0,0,0,0,0,0,0,0.1,0.3
GBS-60_Mar13_bin.126,d__Bacteria;p__Bacteroidota_A;c__Chlorobiia;o__Chlorobiales;f__Thermochlorobacteraceae;g__JANWWM01;s__,0,0,0,0,0,0,0,0,9.6,0.1,9.7
DSZV01 sp937921695,d__Archaea;p__Thermoproteota;c__Thermoprotei_A;o__Sulfolobales;f__Acidilobaceae;g__DSZV01;s__DSZV01 sp937921695,0.2,0.3,0,0.3,0.3,0.1,0.1,0.2,0,0.1,1.6
GBS70_3300020139_44,d__Bacteria;p__Actinomycetota;c__CALKMS01;o__SKW223;f__SKW223;g__JAOADC01;s__,0.3,0.3,2.6,0.6,0.2,2.1,0.1,0,0,0.1,6.3
GBS-C_Jun24_bin.048,d__Bacteria;p__DRYD01;c__DRYD01;o__DRYD01;f__DRYD01;g__CAKZQG01;s__,0,0,4.7,0,0,9.1,5.4,0,2.7,0.1,22
GBS60_3300020153_28,d__Bacteria;p__Thermotogota;c__Thermotogae;o__Thermotogales;f__Fervidobacteriaceae;g__Fervidobacterium;s__,0.1,0.2,0.4,0.1,0.1,0.4,0.2,0.2,6.6,0.1,8.4
Nocardioides sp040302365,d__Bacteria;p__Actinomycetota;c__Actinomycetes;o__Propionibacteriales;f__Nocardioidaceae;g__Nocardioides;s__Nocardioides sp040302365,0,0,0,0,0,0,0,0,0,0.1,0.1
Roseiflexus sp000016665,d__Bacteria;p__Chloroflexota;c__Chloroflexia;o__Chloroflexales;f__Roseiflexaceae;g__Roseiflexus;s__Roseiflexus sp000016665,0,0,0,0.1,0,0.1,0,0,155.4,0.1,155.7
GBS-C_Jun24_bin.038,d__Archaea;p__Thermoproteota;c__Thermoprotei;o__Thermofilales;f__Thermofilaceae;g__JANXEW01;s__,0.1,0.8,4.5,0.8,0.1,9.5,0.9,1.9,0,0.1,18.7
GBS-60_Mar13_bin.042,d__Bacteria;p__Bacteroidota;c__Bacteroidia;o__SpSt-205;f__SpSt-205;g__JAPYWM01;s__,0,0,0,0,0,0,0.2,0,6.3,0.1,6.6
Thermostichus sp000013225,d__Bacteria;p__Cyanobacteriota;c__Cyanobacteriia;o__Thermostichales;f__Thermostichaceae;g__Thermostichus;s__Thermostichus sp000013225,0,0,0,0,0,0,0,0,1.7,0.1,1.8
GBS-A_Feb24_bin.034,d__Archaea;p__Thermoproteota;c__Methanomethylicia;o__Nezhaarchaeales;f__WYZ-LMO8;g__WYZ-LMO8;s__,13.1,0.2,0,0.5,0,0.9,0,0,0,0.1,14.9
WYZ-LMO8 sp036786905,d__Archaea;p__Thermoproteota;c__Methanomethylicia;o__Nezhaarchaeales;f__WYZ-LMO8;g__WYZ-LMO8;s__WYZ-LMO8 sp036786905,5.1,0.1,0,0.2,0,0.2,0,0,0,0.1,5.7
Thermodesulfobacterium sp008630935,d__Bacteria;p__Desulfobacterota;c__Thermodesulfobacteria;o__Thermodesulfobacteriales;f__Thermodesulfobacteriaceae;g__Thermodesulfobacterium;s__Thermodesulfobacterium sp008630935,0.2,0.1,0.9,0.3,0.3,1,0.1,0.1,0.1,0.1,3.2
Wolframiiraptor gerlachensis,d__Archaea;p__Thermoproteota;c__Nitrososphaeria_A;o__Caldarchaeales;f__Wolframiiraptoraceae;g__Wolframiiraptor;s__Wolframiiraptor gerlachensis,16.7,6.3,1.8,8.7,1.2,17.3,0.8,2,0,0.1,54.9
DRZP01 sp020833415,d__Archaea;p__Thermoproteota;c__Thermoprotei_A;o__Sulfolobales;f__NBVN01;g__DRZP01;s__DRZP01 sp020833415,0.9,0.1,0,0.1,0,0.1,0,0,0,0.1,1.3
GBS-C_Jun24_bin.002,d__Bacteria;p__Armatimonadota;c__Fimbriimonadia;o__Fimbriimonadales;f__GBS-DC;g__HRBIN15;s__,0,1.7,116.3,0.1,0,20.2,76.8,0,10.7,0.1,225.9
Neoroseomonas sp023424475,d__Bacteria;p__Pseudomonadota;c__Alphaproteobacteria;o__Acetobacterales;f__Acetobacteraceae;g__Neoroseomonas;s__Neoroseomonas sp023424475,0,0,0,0,0,0,0,0,0,0.1,0.1
Kryptonium mobile,d__Bacteria;p__Bacteroidota_A;c__Kryptoniia;o__Kryptoniales;f__Kryptoniaceae;g__Kryptonium;s__Kryptonium mobile,0.1,3.7,100.9,0.2,0,119.6,65.2,1.3,17.6,0.1,308.6
GBS-C_Feb24_bin.021,d__Archaea;p__Thermoproteota;c__Methanomethylicia;o__CALHIW01;f__CALHIW01;g__CALHIW01;s__,0.4,0.3,2.4,0.3,0.3,4.1,0.2,0.4,0,0.1,8.4
GBS-C_Feb24_bin.135,d__Bacteria;p__Patescibacteriota;c__Minisyncoccia;o__UBA6257;f__HR35;g__JAGDVT01;s__,0,0.3,4.3,0,0,8.2,1.4,0.2,0.7,0.1,15.1
Thermoflexus hugenholtzii_A,d__Bacteria;p__Chloroflexota;c__Anaerolineae;o__Thermoflexales;f__Thermoflexaceae;g__Thermoflexus;s__Thermoflexus hugenholtzii_A,0,2.2,3.8,0.4,0.2,3.1,5.5,1.7,0.4,0.1,17.5
GBS-C_Jun24_bin.074,d__Archaea;p__Aenigmatarchaeota;c__Aenigmatarchaeia;o__CG10238-14;f__SpSt-28;g__SpSt-28;s__,0.5,2.9,0.7,0.6,0.2,5.7,3.2,0.9,0.1,0.1,14.8
GBS-C_Jun24_bin.037,d__Archaea;p__Thermoproteota;c__Nitrososphaeria_A;o__Caldarchaeales;f__Caldarchaeaceae;g__;s__,0.1,0.4,15.8,0.1,0,87.3,15.9,0.1,63.2,0.1,182.9
Anoxybacillus flavithermus_E,d__Bacteria;p__Bacillota;c__Bacilli;o__Bacillales;f__Anoxybacillaceae;g__Anoxybacillus;s__Anoxybacillus flavithermus_E,0,0,0,0,0,0,0,0,0,0.1,0.1
Thermostichus sp015295985,d__Bacteria;p__Cyanobacteriota;c__Cyanobacteriia;o__Thermostichales;f__Thermostichaceae;g__Thermostichus;s__Thermostichus sp015295985,0,0,0,0,0,0,0,0,1.2,0.1,1.3
Litorilinea aerophila,d__Bacteria;p__Chloroflexota;c__Anaerolineae;o__Caldilineales;f__Caldilineaceae;g__Litorilinea;s__Litorilinea aerophila,0,0,0,0,0,0,0,0,0,0.1,0.1
GBS-A_Feb24_bin.009,d__Archaea;p__Thermoproteota;c__Thermoprotei;o__Thermofilales;f__Thermofilaceae;g__JANXEW01;s__,2.9,0.1,0.1,0.2,0,0.6,0,0,0,0.1,4
GBS-C_Jun24_bin.019,d__Bacteria;p__Bacteroidota;c__Bacteroidia;o__SpSt-205;f__SpSt-205;g__JAPYWM01;s__,0,0,0.3,0,0,0.7,1.6,0,2.9,0.1,5.7
Meiothermus cerbereus,d__Bacteria;p__Deinococcota;c__Deinococci;o__Deinococcales;f__Thermaceae;g__Meiothermus;s__Meiothermus cerbereus,0,0,0,0,0,0,0,0,0,0.1,0.1
WYZ-LMO11 sp020832905,d__Archaea;p__Thermoproteota;c__Methanomethylicia;o__Methanomethylicales;f__Methanomethylicaceae;g__WYZ-LMO11;s__WYZ-LMO11 sp020832905,0,0,0,0,0,0.1,0,0,0,0.1,0.2
GBS-DC sp025998675,d__Bacteria;p__Armatimonadota;c__Fimbriimonadia;o__Fimbriimonadales;f__GBS-DC;g__GBS-DC;s__GBS-DC sp025998675,0,0,0.3,0,0,0.1,0.3,0,2.3,0.1,2.9
629B-23 sp034434555,d__Bacteria;p__Chloroflexota;c__Anaerolineae;o__J036;f__Brachytrichaceae;g__629B-23;s__629B-23 sp034434555,0,0,0,0,0,0,0,0,14.3,0.1,14.4
Bacillus_BB sp947085265,d__Bacteria;p__Bacillota;c__Bacilli;o__ZCTH02-B2;f__ZCTH02-B2;g__Bacillus_BB;s__Bacillus_BB sp947085265,0,0,0,0,0,0,0,0,0,0.1,0.2
GBS-C_Feb24_bin.177,d__Bacteria;p__Sysuimicrobiota;c__Sysuimicrobiia;o__Sysuimicrobiales;f__Sysuimicrobiaceae;g__Sysuimicrobium;s__,0.2,0,2.2,0,0,1.9,0.8,0,0.4,0.1,5.5
GBS-C_Jun24_bin.012,d__Archaea;p__Thermoproteota;c__Nitrososphaeria_A;o__Caldarchaeales;f__Caldarchaeaceae;g__;s__,0,7.4,45.1,0.1,0,45.2,100.2,0.8,4.3,0.1,203.1
629B-23 sp017743375,d__Bacteria;p__Chloroflexota;c__Anaerolineae;o__J036;f__Brachytrichaceae;g__629B-23;s__629B-23 sp017743375,0,0,0,0,0,0,0.1,0,83.4,0.1,83.6
GBS-85_Mar13_bin.100,d__Bacteria;p__Chloroflexota;c__Anaerolineae;o__B4-G1;f__DUEL01;g__SpSt-77;s__,0,0,3.6,0,0,0.8,0.1,0,17.5,0,22.1
GBS-C_Jun24_bin.030,d__Bacteria;p__WOR-3;c__Hydrothermia;o__LBFQ01;f__DSFT01;g__DSFT01;s__,0,2.3,6.1,0.1,0.1,2.4,12,1.7,0.1,0,25
Gloeomargarita sp022984075,d__Bacteria;p__Cyanobacteriota;c__Cyanobacteriia;o__Gloeomargaritales;f__Gloeomargaritaceae;g__Gloeomargarita;s__Gloeomargarita sp022984075,0,0,0,0,0,0,0,0,1,0,1.1
Neoroseomonas sp001464375,d__Bacteria;p__Pseudomonadota;c__Alphaproteobacteria;o__Acetobacterales;f__Acetobacteraceae;g__Neoroseomonas;s__Neoroseomonas sp001464375,0,0,0,0,0,0,0,0,0,0,0.1
GBS60_3300020153_19,d__Bacteria;p__Chloroflexota;c__Anaerolineae;o__Anaerolineales;f__UBA4823;g__NAK19;s__,0,0,0,0,0,0,0,0,13,0,13.1
Streptomyces sp040296465,d__Bacteria;p__Actinomycetota;c__Actinomycetes;o__Streptomycetales;f__Streptomycetaceae;g__Streptomyces;s__Streptomyces sp040296465,0,0,0,0,0,0,0,0,0,0,0.1
GBS-85_Mar13_bin.055,d__Bacteria;p__Patescibacteriota;c__Minisyncoccia;o__Minisyncoccales;f__GBS-2;g__GBS-2;s__,0,0,18.9,0,0,0.2,0.1,0,0.6,0,19.8
GBS-60_Mar13_bin.135,d__Bacteria;p__Bacteroidota;c__Bacteroidia;o__SpSt-205;f__SpSt-205;g__JAPYWM01;s__,0,0,0.1,0,0,0.3,0.4,0,3.8,0,4.6
Rhodococcus_G triatomae_A,d__Bacteria;p__Actinomycetota;c__Actinomycetes;o__Mycobacteriales;f__Mycobacteriaceae;g__Rhodococcus_G;s__Rhodococcus_G triatomae_A,0,0,0,0,0,0,0,0,0,0,0.1
GBS-60_Mar13_bin.105,d__Bacteria;p__Aquificota;c__Aquificia;o__Aquificales;f__Hydrogenothermaceae;g__Sulfurihydrogenibium;s__,0,0,0.3,0,0,0.4,0.2,0,1.2,0,2.2
GBS-60_Mar13_bin.014,d__Bacteria;p__Chloroflexota;c__Chloroflexia;o__Thermomicrobiales;f__Thermomicrobiaceae;g__Thermalbibacter;s__,0,0,0.2,0,0,0.1,0.1,0,1.5,0,2
Chloroflexus sp000735195,d__Bacteria;p__Chloroflexota;c__Chloroflexia;o__Chloroflexales;f__Chloroflexaceae;g__Chloroflexus;s__Chloroflexus sp000735195,0,0,0,0,0,0,0,0,2,0,2.1
GBS-60_Mar13_bin.055,d__Bacteria;p__Bacteroidota_A;c__Chlorobiia;o__Chlorobiales;f__Thermochlorobacteraceae;g__Thermochlorobacter;s__,0,0,0,0,0,0,0,0,15.1,0,15.2
GBS70_3300020139_36,d__Archaea;p__Thermoproteota;c__Nitrososphaeria_A;o__Caldarchaeales;f__Calditenuaceae;g__HRBIN02;s__,3,56.8,20.5,16.7,7.2,49.9,86.3,33.3,3.2,0,277
JACVJK01 sp028275245,d__Bacteria;p__Actinomycetota;c__Geothermincolia;o__Geothermincolales;f__RBG-13-55-18;g__JACVJK01;s__JACVJK01 sp028275245,0,0,23.5,0,0,0.4,0,0,0.2,0,24.2
GBS-DC sp037442365,d__Bacteria;p__Armatimonadota;c__Fimbriimonadia;o__Fimbriimonadales;f__GBS-DC;g__GBS-DC;s__GBS-DC sp037442365,0,0,0.1,0,0,0,0.2,0,1.9,0,2.3
GBS-60_Mar13_bin.001,d__Bacteria;p__Chloroflexota;c__Chloroflexia;o__Thermomicrobiales;f__Thermomicrobiaceae;g__Thermomicrobium;s__,0,0,1.7,0,0,2.1,0.5,0,4.2,0,8.6
GBS-C_Jun24_bin.035,d__Bacteria;p__Bacteroidota;c__Bacteroidia;o__SpSt-205;f__SpSt-205;g__JAPYWM01;s__,0,0,0.1,0,0,0.2,0.7,0,1.7,0,2.9
Ga0077523 sp026125595,d__Bacteria;p__Pseudomonadota;c__Gammaproteobacteria;o__Burkholderiales;f__Ga0077523;g__Ga0077523;s__Ga0077523 sp026125595,0,0,0,0,0,0,0,0,0,0,0.1
GBS60_3300020153_16,d__Bacteria;p__Planctomycetota;c__Planctomycetia;o__Gemmatales;f__Gemmataceae;g__Thermogemmata;s__,0,0.1,0.5,0,0,0.2,0.2,0.1,7.8,0,9
Hydrogenobacter sp028276405,d__Bacteria;p__Aquificota;c__Aquificia;o__Aquificales;f__Aquificaceae;g__Hydrogenobacter;s__Hydrogenobacter sp028276405,0,0,0,0,0,0.1,0,0,0,0,0.2
GBS70_3300020139_47,d__Archaea;p__Thermoproteota;c__Thermoprotei_A;o__Sulfolobales;f__NBVN01;g__Zestosphaera;s__,0.3,1,2.5,0.8,0.1,2.7,0.3,0.1,0,0,7.8
GBS-85_Mar13_bin.076,d__Bacteria;p__Patescibacteriota;c__Minisyncoccia;o__Minisyncoccales;f__GBS-2;g__GBS-2;s__,0,0,16,0,0,0.9,0.3,0,0.7,0,17.9
Rhodococcus_F qingshengii,d__Bacteria;p__Actinomycetota;c__Actinomycetes;o__Mycobacteriales;f__Mycobacteriaceae;g__Rhodococcus_F;s__Rhodococcus_F qingshengii,0,0,0,0,0,0,0,0,0,0,0
GBS-60_Mar13_bin.142,d__Bacteria;p__Bipolaricaulota;c__Bipolaricaulia;o__RBG-16-55-9;f__DRXL01;g__JANXCC01;s__,0,0,0.7,0,0,0,0.3,0,4.1,0,5.2
HRBIN29 sp002898215,d__Bacteria;p__Chloroflexota;c__Dehalococcoidia;o__Tepidiformales;f__Tepidiformaceae;g__HRBIN29;s__HRBIN29 sp002898215,0,0,6.5,0,0,0.5,0.2,0,2.5,0,9.7
WAOL01 sp027064885,d__Archaea;p__Thermoproteota;c__Thermoprotei_A;o__Sulfolobales;f__NBVN01;g__WAOL01;s__WAOL01 sp027064885,0,0,0,0,0,0,0,0,0,0,0.1
WFXV01 sp015488545,d__Bacteria;p__Deinococcota;c__Deinococci;o__Deinococcales;f__Marinithermaceae;g__WFXV01;s__WFXV01 sp015488545,0,0,0,0,0,0,0,0,0,0,0
Pseudothermotoga_A hypogea,d__Bacteria;p__Thermotogota;c__Thermotogae;o__Thermotogales;f__DSM-5069;g__Pseudothermotoga_A;s__Pseudothermotoga_A hypogea,0,0,4,0,0,19.5,0.3,0,3.8,0,27.6
UBA11096 sp938048815,d__Bacteria;p__Aquificota;c__Aquificia;o__Aquificales;f__Aquificaceae;g__UBA11096;s__UBA11096 sp938048815,0.1,0,0,0.1,0,0.1,0,0,0,0,0.3
WYZ-LMO8 sp011605835,d__Archaea;p__Thermoproteota;c__Methanomethylicia;o__Nezhaarchaeales;f__WYZ-LMO8;g__WYZ-LMO8;s__WYZ-LMO8 sp011605835,2.9,0,0,0.1,0,0.1,0,0,0,0,3.2
JANXAZ01 sp025999455,d__Bacteria;p__Pseudomonadota;c__Alphaproteobacteria;o__Geminicoccales;f__Geminicoccaceae;g__JANXAZ01;s__JANXAZ01 sp025999455,0,0,0,0,0,0,0,0,0.1,0,0.2
CAKZTQ01 sp937921735,d__Archaea;p__Hadarchaeota;c__Hadarchaeia;o__Hadarchaeales;f__Hadarchaeaceae;g__CAKZTQ01;s__CAKZTQ01 sp937921735,0,0,0.2,0,0,0.1,0,0,0.1,0,0.4
GBS-C_Feb24_bin.190,d__Bacteria;p__WOR-3;c__Hydrothermia;o__UBA1063;f__UBA1063;g__UBA1063;s__,0,0,0.4,0,0,1.1,0.1,0,0,0,1.7
HRBIN24 sp025062275,d__Bacteria;p__Chloroflexota;c__Dehalococcoidia;o__SM23-28-2;f__HRBIN24;g__HRBIN24;s__HRBIN24 sp025062275,0,0,0,0,0,0,0,0,0,0,0.1
GBS-60_Mar13_bin.097,d__Bacteria;p__Bacteroidota;c__Bacteroidia;o__SpSt-205;f__SpSt-205;g__JAPYWM01;s__,0,0,0.1,0,0,0.1,0.4,0,12.1,0,12.7
AG1 sp032249255,d__Archaea;p__Thermoproteota;c__Thermoprotei_A;o__Sulfolobales;f__AG1;g__AG1;s__AG1 sp032249255,0.3,0.2,0,0.4,0.4,0,0,0.3,0,0,1.7
Gloeomargarita sp927797885,d__Bacteria;p__Cyanobacteriota;c__Cyanobacteriia;o__Gloeomargaritales;f__Gloeomargaritaceae;g__Gloeomargarita;s__Gloeomargarita sp927797885,0,0,0,0,0,0,0,0,1.4,0,1.4
Zestosphaera sp036802965,d__Archaea;p__Thermoproteota;c__Thermoprotei_A;o__Sulfolobales;f__NBVN01;g__Zestosphaera;s__Zestosphaera sp036802965,0.1,0.1,0.2,0.1,0,0.3,0,0,0,0,0.8
Anoxybacillus flavithermus_G,d__Bacteria;p__Bacillota;c__Bacilli;o__Bacillales;f__Anoxybacillaceae;g__Anoxybacillus;s__Anoxybacillus flavithermus_G,0,0,0,0,0,0,0,0,0,0,0
HRBIN37 sp002898375,d__Bacteria;p__Desulfobacterota_D;c__UBA1144;o__UBA2774;f__CSP1-2;g__HRBIN37;s__HRBIN37 sp002898375,0,0,7.2,0,0,8.5,17,0,1.2,0,34.1
GBS-C_Jun24_bin.004,d__Bacteria;p__Spirochaetota;c__Brevinematia;o__DTOW01;f__DTOW01;g__JAPYWX01;s__,0,0,0.3,0,0,0.4,2.2,0,0.5,0,3.5
UBA285 sp038889555,d__Archaea;p__Thermoproteota;c__Thermoprotei_A;o__Sulfolobales;f__Desulfurococcaceae;g__UBA285;s__UBA285 sp038889555,0.1,0,0,0,0,0,0,0,0,0,0.1
GBS-C_Jun24_bin.062,d__Bacteria;p__Patescibacteriota;c__Minisyncoccia;o__UBA6257;f__HR35;g__BPJI01;s__,0,0.2,7,0,0,7.3,5.4,0.1,1.1,0,21
Calditenuis sp032249575,d__Archaea;p__Thermoproteota;c__Nitrososphaeria_A;o__Caldarchaeales;f__Calditenuaceae;g__Calditenuis;s__Calditenuis sp032249575,10.3,6.7,0.5,11.9,13.4,2,4.6,7.4,0.1,0,57
Hydrogenophilus sp026416515,d__Bacteria;p__Pseudomonadota;c__Gammaproteobacteria;o__Burkholderiales;f__Rhodocyclaceae;g__Hydrogenophilus;s__Hydrogenophilus sp026416515,0,0,0,0,0,0,0,0,0,0,0.1
JANWWM01 sp937959145,d__Bacteria;p__Bacteroidota_A;c__Chlorobiia;o__Chlorobiales;f__Thermochlorobacteraceae;g__JANWWM01;s__JANWWM01 sp937959145,0,0,0,0,0,0,0,0,0,0,0.1
GBS-60_Mar13_bin.012,d__Bacteria;p__Bacteroidota;c__Bacteroidia;o__SpSt-205;f__SpSt-205;g__JAPYWM01;s__,0,0,0.1,0,0,0.1,0.5,0,2.9,0,3.6
J014 sp003697135,d__Bacteria;p__Acidobacteriota;c__Blastocatellia;o__Pyrinomonadales;f__Pyrinomonadaceae;g__J014;s__J014 sp003697135,0,0,0,0,0,0,0,0,0,0,0.1
GBS-C_Feb24_bin.189,d__Bacteria;p__Patescibacteriota;c__Minisyncoccia;o__UBA6257;f__HR35;g__BPJI01;s__,0,0,1.4,0,0,2.6,0.6,0,1.2,0,5.9
Thermus_A sp040290245,d__Bacteria;p__Deinococcota;c__Deinococci;o__Deinococcales;f__Thermaceae;g__Thermus_A;s__Thermus_A sp040290245,0,0,0,0,0,0,0,0,0,0,0.1
GBS-60_Mar13_bin.075,d__Bacteria;p__Spirochaetota;c__Leptospiria;o__Leptospirales;f__Leptonemataceae;g__SKYB61;s__,0,0,0.1,0,0,0.1,0.1,0,18,0,18.2
Anoxybacillus kestanbolensis,d__Bacteria;p__Bacillota;c__Bacilli;o__Bacillales;f__Anoxybacillaceae;g__Anoxybacillus;s__Anoxybacillus kestanbolensis,0,0,0,0,0,0,0,0,0,0,0
GBS-C_Feb24_bin.051,d__Bacteria;p__Chloroflexota;c__Anaerolineae;o__DRVO01;f__DRVO01;g__JAPWUW01;s__,0.1,0,0.6,0,0,1,0,0,1.1,0,2.8
GBS60_3300020153_20,d__Bacteria;p__Armatimonadota;c__UBA5829;o__UBA5829;f__UBA5829;g__;s__,0,0,0,0,0,0,0,0,4.7,0,4.8
DRZP01 sp023255955,d__Archaea;p__Thermoproteota;c__Thermoprotei_A;o__Sulfolobales;f__NBVN01;g__DRZP01;s__DRZP01 sp023255955,0.1,0,0,0,0,0,0,0,0,0,0.2
GBS-60_Mar13_bin.139,d__Bacteria;p__Nitrospirota;c__Thermodesulfovibrionia;o__Thermodesulfovibrionales;f__Thermodesulfovibrionaceae;g__Thermodesulfovibrio;s__,0,0.1,0.7,0.1,0,0.9,0.3,0.1,15,0,17.3
Anoxybacillus flavithermus,d__Bacteria;p__Bacillota;c__Bacilli;o__Bacillales;f__Anoxybacillaceae;g__Anoxybacillus;s__Anoxybacillus flavithermus,0,0,0,0,0,0,0,0,0,0,0
GBS-60_Mar13_bin.096,d__Bacteria;p__Patescibacteriota;c__Minisyncoccia;o__UBA6257;f__HR35;g__;s__,0,0,0.3,0,0,0.3,0.1,0,19,0,19.7
ZC4RG38 sp021890795,d__Bacteria;p__Bacillota;c__Symbiobacteriia;o__Symbiobacteriales;f__ZC4RG38;g__ZC4RG38;s__ZC4RG38 sp021890795,0,0,0,0,0,0,0,0,0,0,0
DTCV01 sp020832985,d__Archaea;p__Thermoproteota;c__Thermoprotei_A;o__Sulfolobales;f__NBVN01;g__DTCV01;s__DTCV01 sp020832985,0.2,0,0,0.1,0,0.1,0,0,0,0,0.4
GBS-60_Mar13_bin.059,d__Bacteria;p__Chloroflexota;c__Anaerolineae;o__DUEN01;f__DUEN01;g__JANXBS01;s__,0,0,0.1,0,0,0,0,0,2,0,2.1
Ralstonia sp913056305,d__Bacteria;p__Pseudomonadota;c__Gammaproteobacteria;o__Burkholderiales;f__Burkholderiaceae;g__Ralstonia;s__Ralstonia sp913056305,0,0,1.2,0,0,0,0,0.2,0,0,1.5
GBS-DC sp026416655,d__Bacteria;p__Armatimonadota;c__Fimbriimonadia;o__Fimbriimonadales;f__GBS-DC;g__GBS-DC;s__GBS-DC sp026416655,0,0,0.1,0,0,0,0.1,0,1,0,1.3
GBS60_3300020153_59,d__Bacteria;p__Patescibacteriota;c__JACMRA01;o__JACMRA01;f__JACMRA01;g__CAKZLR01;s__,0,0,0,0,0,0,0,0,10,0,10
GBS-60_Mar13_bin.020,d__Bacteria;p__Patescibacteriota;c__Minisyncoccia;o__Minisyncoccales;f__Staskawiczbacteraceae;g__;s__,0,0,0.1,0,0,0.1,0,0,3.8,0,4.1
GBS70_3300020139_32,d__Bacteria;p__Chloroflexota;c__Dehalococcoidia;o__SM23-28-2;f__HRBIN24;g__JAVVHA01;s__,0,1.4,53.8,0,0,12.3,38.1,0.7,0.4,0,106.7
GBS-C_Jun24_bin.046,d__Archaea;p__Aenigmatarchaeota;c__Aenigmatarchaeia;o__CG10238-14;f__SCSR01;g__JASEGN01;s__,0.1,0.2,1,0.2,0.1,5.6,1.6,0,0.1,0,8.9
GBS-60_Mar13_unaligned_bin.003,d__Bacteria;p__Chloroflexota;c__Anaerolineae;o__B4-G1;f__DUEL01;g__SpSt-77;s__,0,0.2,2.8,0,0,2,0.4,0,46.3,0,51.7
Rhodothermus bifroesti,d__Bacteria;p__Bacteroidota_A;c__Rhodothermia;o__Rhodothermales;f__Rhodothermaceae;g__Rhodothermus;s__Rhodothermus bifroesti,0,0,0.1,0,0,0,0,0,0.1,0,0.2
GBS60_3300020153_24,d__Bacteria;p__Desulfobacterota_B;c__Binatia;o__HRBIN30;f__HRBIN30;g__;s__,0,0,0,0,0,0,0,0,2.4,0,2.4
GBS-DC sp025060055,d__Bacteria;p__Armatimonadota;c__Fimbriimonadia;o__Fimbriimonadales;f__GBS-DC;g__GBS-DC;s__GBS-DC sp025060055,0,0,0.1,0,0,0,0.1,0,0.9,0,1.2
GBS-DC sp937992175,d__Bacteria;p__Armatimonadota;c__Fimbriimonadia;o__Fimbriimonadales;f__GBS-DC;g__GBS-DC;s__GBS-DC sp937992175,0,0,0.1,0,0,0,0.1,0,1,0,1.3
GBS60_3300020153_39,d__Bacteria;p__Nitrospirota;c__Thermodesulfovibrionia;o__Thermodesulfovibrionales;f__CALJEL01;g__CALJEL01;s__,0,0,0.9,0,0,0.4,0,0,19.2,0,20.7
GBS-85_Mar13_bin.107,d__Bacteria;p__Bacillota;c__DYIH01;o__DYIH01;f__;g__;s__,0,0,24,0,0,0.3,0,0,0,0,24.3
Thermochlorobacter aerophilum,d__Bacteria;p__Bacteroidota_A;c__Chlorobiia;o__Chlorobiales;f__Thermochlorobacteraceae;g__Thermochlorobacter;s__Thermochlorobacter aerophilum,0,0,0,0,0,0,0,0,4.5,0,4.6
JANWWM01 sp938003965,d__Bacteria;p__Bacteroidota_A;c__Chlorobiia;o__Chlorobiales;f__Thermochlorobacteraceae;g__JANWWM01;s__JANWWM01 sp938003965,0,0,0,0,0,0,0,0,0.1,0,0.1
GBS-60_Mar13_bin.021,d__Bacteria;p__Desulfobacterota_B;c__Binatia;o__HRBIN30;f__HRBIN30;g__;s__,0,0,0,0,0,0,0,0,2.2,0,2.2
Brevundimonas sp016429195,d__Bacteria;p__Pseudomonadota;c__Alphaproteobacteria;o__Caulobacterales;f__Caulobacteraceae;g__Brevundimonas;s__Brevundimonas sp016429195,0,0,0,0,0,0,0,0,0,0,0.1
GBS-60_Mar13_bin.043,d__Bacteria;p__Chloroflexota;c__Anaerolineae;o__B4-G1;f__DUEL01;g__SpSt-77;s__,0,0.1,2.5,0,0,0.8,0.2,0,31.2,0,34.9
GBS-C_Feb24_bin.091,d__Bacteria;p__Patescibacteriota;c__Microgenomatia;o__UBA1406;f__GWC2-37-13;g__RSWP21;s__,0,0,5.1,0,0,4.4,0,0,3.9,0,13.4
GBS-60_Mar13_bin.047,d__Bacteria;p__Patescibacteriota;c__Microgenomatia;o__UBA1406;f__GWC2-37-13;g__RSWP21;s__,0,0,0,0,0,0,0,0,4.7,0,4.8
DRYM01 sp021158265,d__Archaea;p__Thermoproteota;c__Thermoprotei_A;o__EX4484-217-1;f__EX4484-217-1;g__DRYM01;s__DRYM01 sp021158265,0.1,0,0,0,0,0,0,0,0,0,0.1
Erythrobacter sp027489065,d__Bacteria;p__Pseudomonadota;c__Alphaproteobacteria;o__Sphingomonadales;f__Sphingomonadaceae;g__Erythrobacter;s__Erythrobacter sp027489065,0,0,0,0,0,0,0,0,0,0,0
Meiothermus sp026004095,d__Bacteria;p__Deinococcota;c__Deinococci;o__Deinococcales;f__Thermaceae;g__Meiothermus;s__Meiothermus sp026004095,0,0,0,0,0,0,0,0,0,0,0.1
GBS-60_Mar13_bin.115,d__Bacteria;p__Armatimonadota;c__HRBIN16;o__HRBIN16;f__HRBIN16;g__HRBIN16;s__,0,0,0,0,0,0.1,0,0,21.8,0,22
AG1 sp032249275,d__Archaea;p__Thermoproteota;c__Thermoprotei_A;o__Sulfolobales;f__AG1;g__AG1;s__AG1 sp032249275,0.6,0.6,0,1.1,1.3,0,0.1,0.8,0,0,4.6
GBS-DC sp026003075,d__Bacteria;p__Armatimonadota;c__Fimbriimonadia;o__Fimbriimonadales;f__GBS-DC;g__GBS-DC;s__GBS-DC sp026003075,0,0,0.2,0,0,0,0.1,0,0.7,0,1.1
GBS-DC sp937925775,d__Bacteria;p__Armatimonadota;c__Fimbriimonadia;o__Fimbriimonadales;f__GBS-DC;g__GBS-DC;s__GBS-DC sp937925775,0,0,0.1,0,0,0,0.1,0,0.9,0,1.2
GBS-DC sp937934465,d__Bacteria;p__Armatimonadota;c__Fimbriimonadia;o__Fimbriimonadales;f__GBS-DC;g__GBS-DC;s__GBS-DC sp937934465,0,0,0.1,0,0,0,0.1,0,0.8,0,1
JAUQQI01 sp034434875,d__Bacteria;p__Chloroflexota;c__Dehalococcoidia;o__JAUQQI01;f__JAUQQI01;g__JAUQQI01;s__JAUQQI01 sp034434875,0,0.4,13.8,0,0,4.5,8.5,0,0.2,0,27.5
JACIWI01 sp024653305,d__Bacteria;p__Bipolaricaulota;c__Bipolaricaulia;o__Bipolaricaulales;f__Bipolaricaulaceae;g__JACIWI01;s__JACIWI01 sp024653305,0,0,0.1,0,0,0.2,0,0,0,0,0.3
GBS-60_Mar13_bin.104,d__Bacteria;p__Bacteroidota;c__Bacteroidia;o__B-17B0;f__B-17BO;g__BPGX01;s__,0,0,0.1,0,0,0.1,0,0,3.2,0,3.5
JANXAZ01 sp037446605,d__Bacteria;p__Pseudomonadota;c__Alphaproteobacteria;o__Geminicoccales;f__Geminicoccaceae;g__JANXAZ01;s__JANXAZ01 sp037446605,0,0,0,0,0,0,0,0,0,0,0.1
SpSt-77 sp028276215,d__Bacteria;p__Chloroflexota;c__Anaerolineae;o__B4-G1;f__DUEL01;g__SpSt-77;s__SpSt-77 sp028276215,0,0.1,1.3,0,0,0.6,0.2,0,9.3,0,11.7
GBS-C_Feb24_bin.079,d__Bacteria;p__Sysuimicrobiota;c__Sysuimicrobiia;o__Sysuimicrobiales;f__Sysuimicrobiaceae;g__Tepidifontimicrobium;s__,0,0,46.9,0,0,21.8,10.1,0,6.2,0,85.2
Aquamicrobium_A sp022838525,d__Bacteria;p__Pseudomonadota;c__Alphaproteobacteria;o__Rhizobiales;f__Rhizobiaceae;g__Aquamicrobium_A;s__Aquamicrobium_A sp022838525,0,0,0,0,0,0,0,0,0,0,0
GBS-60_Mar13_bin.046,d__Bacteria;p__CALINM01;c__CALINM01;o__CALINM01;f__CALINM01;g__;s__,0,0.1,0.3,0.1,0.1,0.5,0.2,0.1,8.8,0,10.2
Oleispirillum sp030604885,d__Bacteria;p__Pseudomonadota;c__Alphaproteobacteria;o__Rhodospirillales;f__Rhodospirillaceae;g__Oleispirillum;s__Oleispirillum sp030604885,0,0,0,0,0,0,0,0,0,0,0.1
GBS70_3300020139_37,d__Bacteria;p__Bacillota;c__DYIH01;o__DYIH01;f__;g__;s__,0,0,21.4,0,0,0.1,0,0,0,0,21.5
JAKPJZ01 sp029553955,d__Bacteria;p__Chloroflexota;c__Anaerolineae;o__SpSt-313;f__SpSt-313;g__JAKPJZ01;s__JAKPJZ01 sp029553955,0,0,0,0,0,0,0,0,0,0,0
GBS60_3300020153_17,d__Bacteria;p__Desulfobacterota;c__JdFR-97;o__JdFR-97;f__JdFR-97;g__JAPWUY01;s__,0,0,0.4,0,0,0.4,0.1,0,14.9,0,15.9
GBS60_3300020153_26,d__Bacteria;p__Acidobacteriota;c__Blastocatellia;o__Pyrinomonadales;f__Pyrinomonadaceae;g__J014;s__,0,0,0.1,0,0,0.1,0.1,0,12.5,0,13
UBA1140 sp027014605,d__Bacteria;p__Campylobacterota;c__Campylobacteria;o__Campylobacterales;f__Sulfurovaceae;g__UBA1140;s__UBA1140 sp027014605,0,0,0,0,0,0,0,0,0,0,0
GBS-60_Mar13_unaligned_bin.001,d__Bacteria;p__Patescibacteriota;c__Microgenomatia;o__UBA1406;f__GWC2-37-13;g__RSWP21;s__,0,0,0.1,0,0,0.1,0,0,17.7,0,17.9
GBS-60_Mar13_bin.101,d__Bacteria;p__Patescibacteriota;c__Minisyncoccia;o__UBA6257;f__HR35;g__BPJI01;s__,0,0.1,2.4,0.1,0,1.7,1.3,0.2,3.5,0,9.3
Fervidibacter sp041446875,d__Bacteria;p__Armatimonadota;c__HRBIN17;o__HRBIN17;f__HRBIN17;g__Fervidibacter;s__Fervidibacter sp041446875,1,17.2,36.9,2.1,2.9,8.5,47.4,10.9,0.1,0,127
Terraquivivens tengchongensis,d__Archaea;p__Thermoproteota;c__Nitrososphaeria_A;o__Caldarchaeales;f__Wolframiiraptoraceae;g__Terraquivivens;s__Terraquivivens tengchongensis,0,0,0,0,0,0.1,0,0,0,0,0.2
H17-190 sp034435615,d__Bacteria;p__Chloroflexota;c__Dehalococcoidia;o__SM23-28-2;f__HRBIN24;g__H17-190;s__H17-190 sp034435615,0,0,0,0,0,0,0,0,1.1,0,1.2
GBS-60_Mar13_bin.074,d__Bacteria;p__Patescibacteriota;c__Minisyncoccia;o__UBA6257;f__HR35;g__;s__,0,0,0.2,0,0,0.2,0.1,0,16.5,0,17
GBS-C_Feb24_bin.024,d__Archaea;p__Thermoproteota;c__Bathyarchaeia;o__40CM-2-53-6;f__CALIRQ01;g__CALIRQ01;s__,0,0,0.7,0,0,1.3,0.1,0,0,0,2.2
GBS-60_Mar13_bin.065,d__Bacteria;p__Patescibacteriota;c__Minisyncoccia;o__Minisyncoccales;f__GBS-2;g__GBS-2;s__,0,0,0.3,0,0,0,0,0,3.6,0,3.9
Thermoflexus sp017743605,d__Bacteria;p__Chloroflexota;c__Anaerolineae;o__Thermoflexales;f__Thermoflexaceae;g__Thermoflexus;s__Thermoflexus sp017743605,0,0.4,0.9,0.1,0,0.7,1.2,0.3,0.2,0,3.8
HRBIN39 sp002898955,d__Bacteria;p__Pseudomonadota;c__Alphaproteobacteria;o__Geminicoccales;f__Geminicoccaceae;g__HRBIN39;s__HRBIN39 sp002898955,0,0,0,0,0,0,0,0,0,0,0
GBS-DC sp026416065,d__Bacteria;p__Armatimonadota;c__Fimbriimonadia;o__Fimbriimonadales;f__GBS-DC;g__GBS-DC;s__GBS-DC sp026416065,0,0,0.1,0,0,0,0.1,0,0.7,0,0.8
GBS70_3300020139_17,d__Bacteria;p__Sysuimicrobiota;c__Sysuimicrobiia;o__Sysuimicrobiales;f__JAUQQG01;g__JAUQQG01;s__,0,0.1,7.7,0,0,2.5,3.1,0,1,0,14.4
Gloeomargarita sp025056115,d__Bacteria;p__Cyanobacteriota;c__Cyanobacteriia;o__Gloeomargaritales;f__Gloeomargaritaceae;g__Gloeomargarita;s__Gloeomargarita sp025056115,0,0,0,0,0,0,0,0,0.1,0,0.1
GBS-85_Mar13_bin.067,d__Bacteria;p__Ratteibacteria;c__UBA8468;o__B48-G9;f__JAFGKM01;g__;s__,0,0.1,2.6,0.1,0.1,2.3,0.4,0.1,0.1,0,5.8
HRBIN21 sp030550275,d__Bacteria;p__Bacteroidota_A;c__Kapaibacteriia;o__Kapaibacteriales;f__HRBIN21;g__HRBIN21;s__HRBIN21 sp030550275,0,0.3,3.7,0,0,1.2,2,0,0.6,0,7.9
GBS-B_Jun24_bin.008,d__Bacteria;p__Armatimonadota;c__HRBIN17;o__HRBIN17;f__HRBIN17;g__Fervidibacter;s__,13.6,25.2,14.7,21.3,30.2,13.3,12.6,46.2,0.5,0,177.5
GBS-85_Mar13_bin.092,d__Bacteria;p__Armatimonadota;c__JACIXR01;o__JACIXR01;f__JACIXR01;g__JACIXR01;s__,0,0,1.9,0,0,0.1,0,0,0,0,2
GBS-C_Feb24_bin.016,d__Archaea;p__Thermoproteota;c__Nitrososphaeria_A;o__Caldarchaeales;f__Wolframiiraptoraceae;g__Geocrenenecus;s__,0.1,15.6,1.1,2,0.6,39.4,4.5,1.8,0.1,0,65.2
LDYB01 sp001442985,d__Bacteria;p__Armatimonadota;c__Fimbriimonadia;o__Fimbriimonadales;f__GBS-DC;g__LDYB01;s__LDYB01 sp001442985,0,0,1.3,0,0,4.9,0.3,0,0.4,0,6.9
Deinococcus sp040756175,d__Bacteria;p__Deinococcota;c__Deinococci;o__Deinococcales;f__Deinococcaceae;g__Deinococcus;s__Deinococcus sp040756175,0,0,0,0,0,0,0,0,0,0,0
CAKZKH01 sp937122485,d__Bacteria;p__Bipolaricaulota;c__Bipolaricaulia;o__Bipolaricaulales;f__Bipolaricaulaceae;g__CAKZKH01;s__CAKZKH01 sp937122485,0,0,0.1,0,0,0.2,0,0,0,0,0.3
Thermodesulfovibrio sp041640755,d__Bacteria;p__Nitrospirota;c__Thermodesulfovibrionia;o__Thermodesulfovibrionales;f__Thermodesulfovibrionaceae;g__Thermodesulfovibrio;s__Thermodesulfovibrio sp041640755,0,0,0,0,0,0,0,0,0.1,0,0.2
WYEN01 sp009903825,d__Archaea;p__Thermoproteota;c__Thermoprotei_A;o__Sulfolobales;f__AG1;g__WYEN01;s__WYEN01 sp009903825,0,0,0,0,0,0,0,0,0,0,0.1
GBS-DC sp030550775,d__Bacteria;p__Armatimonadota;c__Fimbriimonadia;o__Fimbriimonadales;f__GBS-DC;g__GBS-DC;s__GBS-DC sp030550775,0,0,0.1,0,0,0,0.1,0,0.6,0,0.9
Thermalbibacter sp002898875,d__Bacteria;p__Chloroflexota;c__Chloroflexia;o__Thermomicrobiales;f__Thermomicrobiaceae;g__Thermalbibacter;s__Thermalbibacter sp002898875,0,0,0,0,0,0,0,0,0.4,0,0.4
GBS-DC sp029335935,d__Bacteria;p__Armatimonadota;c__Fimbriimonadia;o__Fimbriimonadales;f__GBS-DC;g__GBS-DC;s__GBS-DC sp029335935,0,0,0,0,0,0,0.1,0,0.6,0,0.7
Rhodococcus_F erythropolis,d__Bacteria;p__Actinomycetota;c__Actinomycetes;o__Mycobacteriales;f__Mycobacteriaceae;g__Rhodococcus_F;s__Rhodococcus_F erythropolis,0,0,0,0,0,0,0,0,0,0,0
SpSt-77 sp017743275,d__Bacteria;p__Chloroflexota;c__Anaerolineae;o__B4-G1;f__DUEL01;g__SpSt-77;s__SpSt-77 sp017743275,0,0.1,1.1,0,0,0.6,0.2,0,8.5,0,10.6
SSF26 sp037443945,d__Bacteria;p__Chloroflexota;c__Anaerolineae;o__J102;f__J102;g__SSF26;s__SSF26 sp037443945,0,0,0,0,0,0,0,0,0.2,0,0.2
Arenicella sp905479805,d__Bacteria;p__Pseudomonadota;c__Gammaproteobacteria;o__Arenicellales;f__Arenicellaceae;g__Arenicella;s__Arenicella sp905479805,0.1,0,0,0,0,0,0,0,0,0,0.1
Oceanithermus sp027023115,d__Bacteria;p__Deinococcota;c__Deinococci;o__Deinococcales;f__Marinithermaceae;g__Oceanithermus;s__Oceanithermus sp027023115,0,0,0,0,0,0,0,0,0,0,0
Rhodococcus sp001312645,d__Bacteria;p__Actinomycetota;c__Actinomycetes;o__Mycobacteriales;f__Mycobacteriaceae;g__Rhodococcus;s__Rhodococcus sp001312645,0,0,0,0,0,0,0,0,0,0,0
JANXCC01 sp036783095,d__Bacteria;p__Bipolaricaulota;c__Bipolaricaulia;o__RBG-16-55-9;f__DRXL01;g__JANXCC01;s__JANXCC01 sp036783095,0,0,2.4,0,0,0.1,0.7,0,3.1,0,6.3
GBS-B_Feb24_bin.018,d__Archaea;p__Thermoproteota;c__Nitrososphaeria;o__Nitrososphaerales;f__JAAOZN01;g__JAAOZN01;s__,0,8.6,1.1,1,0,5.9,4.9,0.4,0,0,21.9
GBS-85_Mar13_bin.020,d__Bacteria;p__Aerophobota;c__;o__;f__;g__;s__,0,0,2.5,0,0,0,0,0,0,0,2.6
AG1 sp038897115,d__Archaea;p__Thermoproteota;c__Thermoprotei_A;o__Sulfolobales;f__AG1;g__AG1;s__AG1 sp038897115,0.2,0.2,0,0.3,0.3,0,0,0.2,0,0,1.1
GBS-C_Feb24_bin.134,d__Archaea;p__Aenigmatarchaeota;c__Aenigmatarchaeia;o__CG10238-14;f__SpSt-28;g__SpSt-28;s__,0.1,0.3,0.6,0.2,0,1.2,0.2,0.1,0.1,0,2.8
HRBIN16 sp023511455,d__Bacteria;p__Armatimonadota;c__HRBIN16;o__HRBIN16;f__HRBIN16;g__HRBIN16;s__HRBIN16 sp023511455,0,0,0.1,0,0,0.1,0.1,0,11.7,0,12
AG1 sp003116855,d__Archaea;p__Thermoproteota;c__Thermoprotei_A;o__Sulfolobales;f__AG1;g__AG1;s__AG1 sp003116855,0.3,0.1,0,0.2,0.1,0,0,0,0,0,0.8
Wolframiiraptor allenii,d__Archaea;p__Thermoproteota;c__Nitrososphaeria_A;o__Caldarchaeales;f__Wolframiiraptoraceae;g__Wolframiiraptor;s__Wolframiiraptor allenii,0.3,0.1,0,0.1,0,0.4,0,0,0,0,1.1
GBS-C_Jun24_bin.015,d__Archaea;p__Thermoproteota;c__Thermoprotei_A;o__Sulfolobales;f__NBVN01;g__DTCV01;s__,0.5,0.4,0.2,0.6,0.1,2.7,0.3,0.1,0,0,4.7
JABFXX01 sp036403075,d__Bacteria;p__Myxococcota;c__Polyangia;o__Haliangiales;f__Haliangiaceae;g__JABFXX01;s__JABFXX01 sp036403075,0,0,0,0,0,0,0,0,0,0,0
HR10 sp041640655,d__Bacteria;p__Acidobacteriota;c__Blastocatellia;o__HR10;f__HR10;g__HR10;s__HR10 sp041640655,0,0,1.3,0,0,2.8,4.2,0,0.1,0,8.4
GBS-DC sp002254605,d__Bacteria;p__Armatimonadota;c__Fimbriimonadia;o__Fimbriimonadales;f__GBS-DC;g__GBS-DC;s__GBS-DC sp002254605,0,0,0.1,0,0,0,0.1,0,0.6,0,0.8
GBS-A_Jun24_bin.048,d__Bacteria;p__Armatimonadota;c__HRBIN17;o__HRBIN17;f__HRBIN17;g__Fervidibacter;s__,5.4,13,9.5,9,11.7,10.6,8,19.7,0.4,0,87.3
Fervidobacterium pennivorans,d__Bacteria;p__Thermotogota;c__Thermotogae;o__Thermotogales;f__Fervidobacteriaceae;g__Fervidobacterium;s__Fervidobacterium pennivorans,0,0,0,0,0,0.1,0,0,0,0,0.2
NAK82 sp034436775,d__Bacteria;p__Chloroflexota;c__Anaerolineae;o__4572-78;f__NAK82;g__NAK82;s__NAK82 sp034436775,0,0,0,0,0,0,0,0,4.1,0,4.1
Caldatribacterium saccharofermentans,d__Bacteria;p__Atribacterota;c__Atribacteria;o__Atribacterales;f__Caldatribacteriaceae;g__Caldatribacterium;s__Caldatribacterium saccharofermentans,0,0.4,7.2,0,0,14.8,0.7,0,0.4,0,23.6
Thermocrinis sp020833645,d__Bacteria;p__Aquificota;c__Aquificia;o__Aquificales;f__Aquificaceae;g__Thermocrinis;s__Thermocrinis sp020833645,0,0,0,0.1,0,0.1,0,0,0,0,0.3
Thermostichus sp039794845,d__Bacteria;p__Cyanobacteriota;c__Cyanobacteriia;o__Thermostichales;f__Thermostichaceae;g__Thermostichus;s__Thermostichus sp039794845,0,0,0,0,0,0,0,0,0.2,0,0.2
Bipolaricaulis sp026418075,d__Bacteria;p__Bipolaricaulota;c__Bipolaricaulia;o__Bipolaricaulales;f__Bipolaricaulaceae;g__Bipolaricaulis;s__Bipolaricaulis sp026418075,0,0,0.1,0,0,0.1,0,0,0,0,0.3
GBS-A_Jun24_bin.033,d__Bacteria;p__Chloroflexota;c__Dehalococcoidia;o__SM23-28-2;f__HRBIN24;g__JAVVHA01;s__,0,2.5,33.5,0.1,0,8.4,20.9,0.9,0.2,0,66.5
JANXAZ01 sp025054575,d__Bacteria;p__Pseudomonadota;c__Alphaproteobacteria;o__Geminicoccales;f__Geminicoccaceae;g__JANXAZ01;s__JANXAZ01 sp025054575,0,0,0,0,0,0,0,0,0,0,0
Caldipriscus sp000980735,d__Bacteria;p__WOR-3;c__Hydrothermia;o__LBFQ01;f__LBFQ01;g__Caldipriscus;s__Caldipriscus sp000980735,0.1,0.2,0,0.3,0.4,0.1,0.1,0.5,0,0,1.6
GBS-C_Feb24_bin.114,d__Bacteria;p__Nitrospirota;c__Thermodesulfovibrionia;o__Thermodesulfovibrionales;f__CALJEL01;g__CALJEL01;s__,0,0,5.7,0,0,3.2,0,0,2.5,0,11.5
Thermoflexus japonica,d__Bacteria;p__Chloroflexota;c__Anaerolineae;o__Thermoflexales;f__Thermoflexaceae;g__Thermoflexus;s__Thermoflexus japonica,0,0.1,0.1,0,0,0.1,0.1,0.1,0,0,0.5
JADCGM01 sp020249025,d__Bacteria;p__Pseudomonadota;c__Alphaproteobacteria;o__Sphingomonadales;f__Sphingomonadaceae;g__JADCGM01;s__JADCGM01 sp020249025,0,0,0,0,0,0,0,0,0,0,0
PSLL01 sp040289575,d__Bacteria;p__Desulfobacterota_D;c__UBA1144;o__UBA2774;f__CSP1-2;g__PSLL01;s__PSLL01 sp040289575,0,0,0,0,0,0,0,0,0,0,0.1
JANXAZ01 sp036759485,d__Bacteria;p__Pseudomonadota;c__Alphaproteobacteria;o__Geminicoccales;f__Geminicoccaceae;g__JANXAZ01;s__JANXAZ01 sp036759485,0,0,0,0,0,0,0,0,0,0,0
UBA3571 sp021163465,d__Bacteria;p__Bipolaricaulota;c__Bipolaricaulia;o__Bipolaricaulales;f__Bipolaricaulaceae;g__UBA3571;s__UBA3571 sp021163465,0,0,0.1,0,0,0.2,0,0,0,0,0.4
Caldarchaeum sp025054795,d__Archaea;p__Thermoproteota;c__Nitrososphaeria_A;o__Caldarchaeales;f__Caldarchaeaceae;g__Caldarchaeum;s__Caldarchaeum sp025054795,0,0,0,0,0,0.1,0.1,0,0,0,0.4
UBA11096 sp037926795,d__Bacteria;p__Aquificota;c__Aquificia;o__Aquificales;f__Aquificaceae;g__UBA11096;s__UBA11096 sp037926795,0,0,0,0,0,0,0,0,0,0,0.1
Thermocrinis ruber,d__Bacteria;p__Aquificota;c__Aquificia;o__Aquificales;f__Aquificaceae;g__Thermocrinis;s__Thermocrinis ruber,0,0,0,0,0,0.1,0,0,0,0,0.3
GBS70_3300020139_08,d__Bacteria;p__Acidobacteriota;c__Blastocatellia;o__HR10;f__HR10;g__HR10;s__,0,0,13.1,0,0,0.5,2.2,0,4.2,0,20.1
IMGbin_3300000084_16,d__Archaea;p__Thermoproteota;c__Nitrososphaeria_A;o__Caldarchaeales;f__Wolframiiraptoraceae;g__Terraquivivens;s__,0.1,0.4,0.3,0.2,0,2.4,0.2,0.1,0,0,3.7
Ch128b sp013177855,d__Bacteria;p__Bacteroidota_A;c__Ignavibacteria;o__Ch128b;f__Ch128b;g__Ch128b;s__Ch128b sp013177855,0,0,0,0,0,0,0,0,0.2,0,0.3
Culexarchaeum nevadense,d__Archaea;p__Thermoproteota;c__Methanomethylicia;o__Culexarchaeales;f__Culexarchaeaceae;g__Culexarchaeum;s__Culexarchaeum nevadense,8.2,3.3,8.1,1.3,0.2,28.9,1.1,0.4,0,0,51.5
AC-35 sp005884125,d__Bacteria;p__Actinomycetota;c__Acidimicrobiia;o__Acidimicrobiales;f__AC-35;g__AC-35;s__AC-35 sp005884125,0,0,0,0,0,0,0,0,0,0,0
GBS-60_Mar13_bin.049,d__Bacteria;p__Elusimicrobiota;c__Endomicrobiia;o__DTEH01;f__DTEH01;g__JANXDG01;s__,0.1,0.1,3.4,0.1,0,1.9,0.2,0,1.4,0,7
RBS10-35 sp018729555,d__Bacteria;p__Bacillota;c__RBS10-35;o__RBS10-35;f__RBS10-35;g__RBS10-35;s__RBS10-35 sp018729555,0,0,0,0,0,0,0,0,0,0,0.1
UBA11096 sp037927135,d__Bacteria;p__Aquificota;c__Aquificia;o__Aquificales;f__Aquificaceae;g__UBA11096;s__UBA11096 sp037927135,0,0,0,0,0,0,0,0,0,0,0.1
CALBLZ01 sp937895715,d__Bacteria;p__Patescibacteriota;c__UBA1384;o__CAILIB01;f__CAILIB01;g__CALBLZ01;s__CALBLZ01 sp937895715,0,0,0,0,0,0,0,0,0,0,0
GBS-85_Mar13_bin.095,d__Bacteria;p__Patescibacteriota;c__Minisyncoccia;o__Minisyncoccales;f__GBS-2;g__GBS-2;s__,0.1,0.2,17,0.2,0.2,12.4,3,0.4,0.3,0,33.7
GBS-60_Mar13_bin.038,d__Bacteria;p__Chloroflexota;c__Chloroflexia;o__Thermomicrobiales;f__Thermomicrobiaceae;g__Thermalbibacter;s__,0,0,0.2,0,0,0.1,0,0,2.8,0,3.1
JANXCC01 sp023512665,d__Bacteria;p__Bipolaricaulota;c__Bipolaricaulia;o__RBG-16-55-9;f__DRXL01;g__JANXCC01;s__JANXCC01 sp023512665,0,0,1.1,0,0,0,0.3,0,2.2,0,3.7
GBS-DC sp025061985,d__Bacteria;p__Armatimonadota;c__Fimbriimonadia;o__Fimbriimonadales;f__GBS-DC;g__GBS-DC;s__GBS-DC sp025061985,0,0,0.1,0,0,0,0.1,0,0.4,0,0.6
GBS-A_Feb24_bin.021,d__Archaea;p__Thermoproteota;c__Nitrososphaeria_A;o__Caldarchaeales;f__Wolframiiraptoraceae;g__Wolframiiraptor;s__,14.1,1.4,0.3,1.7,0.3,4.4,0.1,0.1,0,0,22.5
GBS-60_Mar13_bin.098,d__Bacteria;p__Chloroflexota;c__Anaerolineae;o__Anaerolineales;f__UBA4823;g__NAK19;s__,0,0,0,0,0,0,0,0,10.9,0,10.9
Rhodothermus marinus,d__Bacteria;p__Bacteroidota_A;c__Rhodothermia;o__Rhodothermales;f__Rhodothermaceae;g__Rhodothermus;s__Rhodothermus marinus,0,0,0,0,0,0,0,0,0,0,0.1
GBS-60_Mar13_bin.148,d__Bacteria;p__Patescibacteriota;c__Minisyncoccia;o__UBA6257;f__2-01-FULL-56-20;g__JANWZH01;s__,0,0,0.1,0,0,0.1,0,0,2.2,0,2.4
CP2-2F sp938005675,d__Bacteria;p__Chloroflexota;c__Anaerolineae;o__Aggregatilineales;f__UBA2796;g__CP2-2F;s__CP2-2F sp938005675,0,0,0,0,0,0,0,0,0.1,0,0.1
Tepidiforma sp026003995,d__Bacteria;p__Chloroflexota;c__Dehalococcoidia;o__Tepidiformales;f__Tepidiformaceae;g__Tepidiforma;s__Tepidiforma sp026003995,0,0,0,0,0,0,0,0,0,0,0
Tepidiforma sp026003935,d__Bacteria;p__Chloroflexota;c__Dehalococcoidia;o__Tepidiformales;f__Tepidiformaceae;g__Tepidiforma;s__Tepidiforma sp026003935,0,0,0,0,0,0,0,0,0,0,0
WFWF01 sp027037055,d__Bacteria;p__Aquificota;c__Aquificia;o__Aquificales;f__Aquificaceae;g__WFWF01;s__WFWF01 sp027037055,0,0,0,0,0,0,0,0,0,0,0
Thermoflexus sp025057635,d__Bacteria;p__Chloroflexota;c__Anaerolineae;o__Thermoflexales;f__Thermoflexaceae;g__Thermoflexus;s__Thermoflexus sp025057635,0,0.3,0.4,0.1,0.1,0.2,0.5,0.4,0.1,0,2
GBS-C_Feb24_bin.018,d__Bacteria;p__Acidobacteriota;c__Terriglobia;o__Bryobacterales;f__Bryobacteraceae;g__DTHT01;s__,0,0,0.9,0,0,0.8,0,0,0.9,0,2.7
GBS-C_Feb24_bin.052,d__Bacteria;p__Patescibacteriota;c__Minisyncoccia;o__UBA6257;f__HR35;g__BPJI01;s__,0,0,2.7,0,0,1.8,0.8,0,0.3,0,5.7
DRZP01 sp938073905,d__Archaea;p__Thermoproteota;c__Thermoprotei_A;o__Sulfolobales;f__NBVN01;g__DRZP01;s__DRZP01 sp938073905,0,0,0,0,0,0,0,0,0,0,0.1
GBS-60_Mar13_bin.061,d__Bacteria;p__Patescibacteriota;c__Minisyncoccia;o__UBA6257;f__HR35;g__RSWP22;s__,0,0,0.2,0,0,0.2,0.1,0,6.4,0,6.9
Thermostichus vulcanus_A,d__Bacteria;p__Cyanobacteriota;c__Cyanobacteriia;o__Thermostichales;f__Thermostichaceae;g__Thermostichus;s__Thermostichus vulcanus_A,0,0,0,0,0,0,0,0,0.2,0,0.2
Rubrivivax sp036724445,d__Bacteria;p__Pseudomonadota;c__Gammaproteobacteria;o__Burkholderiales;f__Burkholderiaceae;g__Rubrivivax;s__Rubrivivax sp036724445,0,0,0,0,0,0,0,0,0,0,0
Tepidiforma sp938015525,d__Bacteria;p__Chloroflexota;c__Dehalococcoidia;o__Tepidiformales;f__Tepidiformaceae;g__Tepidiforma;s__Tepidiforma sp938015525,0,0,0,0,0,0,0,0,0,0,0
Tepidifontimicrobium sp040289515,d__Bacteria;p__Sysuimicrobiota;c__Sysuimicrobiia;o__Sysuimicrobiales;f__Sysuimicrobiaceae;g__Tepidifontimicrobium;s__Tepidifontimicrobium sp040289515,0,0,0.3,0,0,0.1,0.1,0,0.1,0,0.5
Meiothermus sp036845585,d__Bacteria;p__Deinococcota;c__Deinococci;o__Deinococcales;f__Thermaceae;g__Meiothermus;s__Meiothermus sp036845585,0,0,0,0,0,0,0,0,0,0,0
DAOTXL01 sp034435455,d__Bacteria;p__Chloroflexota;c__Anaerolineae;o__JAAYZQ01;f__JAAYZQ01;g__DAOTXL01;s__DAOTXL01 sp034435455,0,0,0,0,0,0,0,0,0.3,0,0.4
GBS85_3300020145_08,d__Archaea;p__Thermoproteota;c__Nitrososphaeria_A;o__Caldarchaeales;f__Calditenuaceae;g__HRBIN02;s__,0.1,34,13,2.1,0.3,35.2,70.5,13.8,2.4,0,171.4
JANXAZ01 sp937926445,d__Bacteria;p__Pseudomonadota;c__Alphaproteobacteria;o__Geminicoccales;f__Geminicoccaceae;g__JANXAZ01;s__JANXAZ01 sp937926445,0,0,0,0,0,0,0,0,0,0,0
IMGbin_2053563014_7,d__Archaea;p__Thermoproteota;c__Nitrososphaeria_A;o__Caldarchaeales;f__Calditenuaceae;g__HRBIN02;s__,0.1,32.9,16,2.7,0.5,39.1,70.2,10.7,2.5,0,174.8
Oceanithermus sp026985615,d__Bacteria;p__Deinococcota;c__Deinococci;o__Deinococcales;f__Marinithermaceae;g__Oceanithermus;s__Oceanithermus sp026985615,0,0,0,0,0,0,0,0,0,0,0
GBS-60_Mar13_bin.013,d__Bacteria;p__WOR-3;c__Hydrothermia;o__JBDRYB01;f__JBDRYB01;g__JBDRYB01;s__,0,0,0.1,0,0,0,0,0,2.5,0,2.6
GBS-C_Feb24_bin.012,d__Archaea;p__Nanobdellota;c__Nanobdellia;o__Pacearchaeales;f__JAPDKA01;g__JAWAZI01;s__,0,0.2,1.9,0,0,8.5,0.5,0.1,0.1,0,11.3
GBS60_3300020153_52,d__Archaea;p__Thermoproteota;c__Nitrososphaeria_A;o__Caldarchaeales;f__Calditenuaceae;g__HRBIN02;s__,0,27.1,17.2,1.5,0.2,43.2,62.5,6.8,7.3,0,165.9
GBS-C_Feb24_bin.171,d__Bacteria;p__DUMJ01;c__DUMJ01;o__DUMJ01;f__DUMJ01;g__DUMJ01;s__,0,0,1,0,0,4.2,0,0,0.8,0,6.1
Thermostichus sp021533835,d__Bacteria;p__Cyanobacteriota;c__Cyanobacteriia;o__Thermostichales;f__Thermostichaceae;g__Thermostichus;s__Thermostichus sp021533835,0,0,0,0,0,0,0,0,0.2,0,0.2
Fervidobacterium pennivorans_A,d__Bacteria;p__Thermotogota;c__Thermotogae;o__Thermotogales;f__Fervidobacteriaceae;g__Fervidobacterium;s__Fervidobacterium pennivorans_A,0,0,0,0,0,0,0,0,0,0,0.1
GBS-C_Feb24_bin.009,d__Bacteria;p__Bacteroidota;c__Bacteroidia;o__Bacteroidales;f__GWA2-32-17;g__Ch61;s__,0,0,4.2,0,0,2.1,0,0,0.2,0,6.7
Thermoflexus sp034432235,d__Bacteria;p__Chloroflexota;c__Anaerolineae;o__Thermoflexales;f__Thermoflexaceae;g__Thermoflexus;s__Thermoflexus sp034432235,0,0.2,0.3,0,0,0.2,0.4,0.1,0.1,0,1.5
GBS70_3300020139_54,d__Archaea;p__Thermoproteota;c__Bathyarchaeia;o__Bathyarchaeales;f__DTEX01;g__DTEX01;s__,0.1,0.7,4.1,0.1,0,10.1,3.1,0.2,0.5,0,18.9
Rhodococcus_F sp005938745,d__Bacteria;p__Actinomycetota;c__Actinomycetes;o__Mycobacteriales;f__Mycobacteriaceae;g__Rhodococcus_F;s__Rhodococcus_F sp005938745,0,0,0,0,0,0,0,0,0,0,0
GBS-85_Mar13_bin.045,d__Bacteria;p__Patescibacteriota;c__Minisyncoccia;o__UBA6257;f__HR35;g__RSWP11;s__,0,0,8.2,0,0,1.3,0.5,0,0.5,0,10.6
Thermocrinis sp009903855,d__Bacteria;p__Aquificota;c__Aquificia;o__Aquificales;f__Aquificaceae;g__Thermocrinis;s__Thermocrinis sp009903855,0,0,0,0,0,0,0,0,0,0,0.2
Roseiflexus sp017743475,d__Bacteria;p__Chloroflexota;c__Chloroflexia;o__Chloroflexales;f__Roseiflexaceae;g__Roseiflexus;s__Roseiflexus sp017743475,0,0,0,0,0,0,0,0,4.4,0,4.4
GBS-C_Feb24_bin.100,d__Archaea;p__Thermoproteota;c__Nitrososphaeria_A;o__Caldarchaeales;f__Calditenuaceae;g__HRBIN02;s__,0,27.3,17.1,1.3,0.1,43.7,71.4,6,3.3,0,170.2
WYEG01 sp009903935,d__Bacteria;p__Desulfobacterota;c__Thermodesulfobacteria;o__Thermodesulfobacteriales;f__Thermodesulfobacteriaceae;g__WYEG01;s__WYEG01 sp009903935,0,0,0.3,0,0,0.8,0,0,0,0,1.3
GBS-60_Mar13_bin.137,d__Bacteria;p__Patescibacteriota;c__Microgenomatia;o__UBA1406;f__GWC2-37-13;g__RSWP21;s__,0,0,0,0,0,0,0,0,3.7,0,3.8
SCGC-AAA471-B05 sp000380705,d__Archaea;p__Thermoproteota;c__Thermoprotei;o__Gearchaeales;f__Gearchaeaceae;g__SCGC-AAA471-B05;s__SCGC-AAA471-B05 sp000380705,16.8,42.2,0.4,46.8,69.3,0.5,1.3,293,0,0,470.3
GBS-C_Feb24_bin.014,d__Archaea;p__Thermoproteota;c__Nitrososphaeria_A;o__Caldarchaeales;f__Wolframiiraptoraceae;g__Wolframiiraptor;s__,1.4,1,0.3,0.8,0.1,3.5,0.3,0.2,0,0,7.5
Tepidiforma flava,d__Bacteria;p__Chloroflexota;c__Dehalococcoidia;o__Tepidiformales;f__Tepidiformaceae;g__Tepidiforma;s__Tepidiforma flava,0,0,0,0,0,0,0,0,0,0,0
Rhodothermus marinus_A,d__Bacteria;p__Bacteroidota_A;c__Rhodothermia;o__Rhodothermales;f__Rhodothermaceae;g__Rhodothermus;s__Rhodothermus marinus_A,0,0,0,0,0,0,0,0,0,0,0.1
Thermocrinis sp028276475,d__Bacteria;p__Aquificota;c__Aquificia;o__Aquificales;f__Aquificaceae;g__Thermocrinis;s__Thermocrinis sp028276475,0,0,0,0,0,0,0,0,0,0,0.1
Phenylobacterium sp937910255,d__Bacteria;p__Pseudomonadota;c__Alphaproteobacteria;o__Caulobacterales;f__Caulobacteraceae;g__Phenylobacterium;s__Phenylobacterium sp937910255,0,0,0.2,0,0,0,0,0,0.7,0,0.9
UBA8498 sp938004185,d__Bacteria;p__Patescibacteriota;c__WWE3;o__UBA101185;f__UBA10185;g__UBA8498;s__UBA8498 sp938004185,0,0,0,0,0,0,0,0,0,0,0.1
Rhodococcoides sp023264675,d__Bacteria;p__Actinomycetota;c__Actinomycetes;o__Mycobacteriales;f__Mycobacteriaceae;g__Rhodococcoides;s__Rhodococcoides sp023264675,0,0,0,0,0,0,0,0,0,0,0
Thermodesulfobacterium geofontis,d__Bacteria;p__Desulfobacterota;c__Thermodesulfobacteria;o__Thermodesulfobacteriales;f__Thermodesulfobacteriaceae;g__Thermodesulfobacterium;s__Thermodesulfobacterium geofontis,0,0.2,1.4,0,0,0.9,0,0.2,0.1,0,2.8
WYZ-LMO8 sp038887515,d__Archaea;p__Thermoproteota;c__Methanomethylicia;o__Nezhaarchaeales;f__WYZ-LMO8;g__WYZ-LMO8;s__WYZ-LMO8 sp038887515,0.4,0,0,0,0,0,0,0,0,0,0.4
Tepidifontimicrobium sp002898935,d__Bacteria;p__Sysuimicrobiota;c__Sysuimicrobiia;o__Sysuimicrobiales;f__Sysuimicrobiaceae;g__Tepidifontimicrobium;s__Tepidifontimicrobium sp002898935,0,0,0.9,0,0,0.3,0.2,0,0.2,0,1.5
WYZ-LMO8 sp029887785,d__Archaea;p__Thermoproteota;c__Methanomethylicia;o__Nezhaarchaeales;f__WYZ-LMO8;g__WYZ-LMO8;s__WYZ-LMO8 sp029887785,0.4,0,0,0,0,0,0,0,0,0,0.4
Collinsella sp902478765,d__Bacteria;p__Actinomycetota;c__Coriobacteriia;o__Coriobacteriales;f__Coriobacteriaceae;g__Collinsella;s__Collinsella sp902478765,0,0,0,0,0,0,0,0,0,0,0
Oceanithermus sp027067955,d__Bacteria;p__Deinococcota;c__Deinococci;o__Deinococcales;f__Marinithermaceae;g__Oceanithermus;s__Oceanithermus sp027067955,0,0,0,0,0,0,0,0,0,0,0
GBS70_3300020139_27,d__Bacteria;p__Nitrospirota;c__Thermodesulfovibrionia;o__Thermodesulfovibrionales;f__CALJEL01;g__CALJEL01;s__,0,0,26.2,0,0,0.8,0,0,2,0,29.1
HRBIN35 sp032249155,d__Bacteria;p__Patescibacteriota;c__Minisyncoccia;o__UBA6257;f__HR35;g__HRBIN35;s__HRBIN35 sp032249155,0,0.1,0.1,0,0,0.2,0.1,0,0.1,0,0.6
Tepidiforma sp034433535,d__Bacteria;p__Chloroflexota;c__Dehalococcoidia;o__Tepidiformales;f__Tepidiformaceae;g__Tepidiforma;s__Tepidiforma sp034433535,0,0,0,0,0,0,0,0,0,0,0
Pseudoxanthomonas jiangsuensis,d__Bacteria;p__Pseudomonadota;c__Gammaproteobacteria;o__Xanthomonadales;f__Xanthomonadaceae;g__Pseudoxanthomonas;s__Pseudoxanthomonas jiangsuensis,0,0,0,0,0,0,0,0,0,0,0
JAKPCH01 sp029553375,d__Bacteria;p__Desulfobacterota;c__Syntrophia;o__Syntrophales;f__UBA8958;g__JAKPCH01;s__JAKPCH01 sp029553375,0,0,0,0,0,0,0,0,0,0,0
GBS-C_Jun24_bin.052,d__Archaea;p__Thermoproteota;c__Nitrososphaeria_A;o__Caldarchaeales;f__Calditenuaceae;g__HRBIN02;s__,0,20.6,12.7,0.9,0,30.5,48.4,5.4,2.1,0,120.6
Promineifilum sp937858165,d__Bacteria;p__Chloroflexota;c__Anaerolineae;o__Promineifilales;f__Promineifilaceae;g__Promineifilum;s__Promineifilum sp937858165,0.1,0,9.6,0,0,0,0,4.5,22.4,0,36.6
GBS-60_Mar13_bin.070,d__Bacteria;p__Patescibacteriota;c__Minisyncoccia;o__UBA6257;f__GWB1-50-10;g__JAGUWR01;s__,0,0,0.2,0,0,0.3,0.1,0,4,0,4.7
HR10 sp002898775,d__Bacteria;p__Acidobacteriota;c__Blastocatellia;o__HR10;f__HR10;g__HR10;s__HR10 sp002898775,0,0,0.1,0,0,0,0.1,0,0,0,0.2
GBS-60_Mar13_bin.007,d__Bacteria;p__Bacteroidota_A;c__Kapaibacteriia;o__Kapaibacteriales;f__UBA2268;g__GWF2-33-9;s__,0,0,0,0,0,0,0,0,2.1,0,2.1
JANXCC01 sp028275205,d__Bacteria;p__Bipolaricaulota;c__Bipolaricaulia;o__RBG-16-55-9;f__DRXL01;g__JANXCC01;s__JANXCC01 sp028275205,0,0,1.3,0,0,0,0.4,0,1.9,0,3.7
JACIWP01 sp028275445,d__Bacteria;p__Chloroflexota;c__Anaerolineae;o__JACIWP01;f__JACIWP01;g__JACIWP01;s__JACIWP01 sp028275445,0,0,0.2,0,0,0.5,0,0,0.2,0,0.9
GBS-C_Feb24_bin.057,d__Bacteria;p__Armatimonadota;c__HRBIN17;o__HRBIN17;f__HRBIN17;g__Fervidibacter;s__,0.9,2.6,3.4,1.5,2,4.9,1.6,3.5,0.2,0,20.7
Thermostichus sp937944885,d__Bacteria;p__Cyanobacteriota;c__Cyanobacteriia;o__Thermostichales;f__Thermostichaceae;g__Thermostichus;s__Thermostichus sp937944885,0,0,0,0,0,0,0,0,0.1,0,0.1
Rhodovulum visakhapatnamense,d__Bacteria;p__Pseudomonadota;c__Alphaproteobacteria;o__Rhodobacterales;f__Rhodobacteraceae;g__Rhodovulum;s__Rhodovulum visakhapatnamense,0,0,0,0,0,0,0,0,0,0,0
GBS-60_Mar13_bin.094,d__Bacteria;p__Patescibacteriota;c__Minisyncoccia;o__UBA6257;f__HR35;g__;s__,0,0,0.3,0,0,0.3,0.1,0,1.4,0,2.2
Aquiluna sp937920245,d__Bacteria;p__Actinomycetota;c__Actinomycetes;o__Actinomycetales;f__Microbacteriaceae;g__Aquiluna;s__Aquiluna sp937920245,0,0,0.1,0,0,0,0,0,0,0,0.1
Rhodococcus_F qingshengii_B,d__Bacteria;p__Actinomycetota;c__Actinomycetes;o__Mycobacteriales;f__Mycobacteriaceae;g__Rhodococcus_F;s__Rhodococcus_F qingshengii_B,0,0,0,0,0,0,0,0,0,0,0
WFXV01 sp015490435,d__Bacteria;p__Deinococcota;c__Deinococci;o__Deinococcales;f__Marinithermaceae;g__WFXV01;s__WFXV01 sp015490435,0,0,0,0,0,0,0,0,0,0,0
GBS-85_Mar13_bin.047,d__Bacteria;p__Patescibacteriota;c__Minisyncoccia;o__Minisyncoccales;f__GBS-2;g__GBS-2;s__,0.1,0,1.6,0,0,0.2,0,0,0.2,0,2.2
JACIWP01 sp014360855,d__Bacteria;p__Chloroflexota;c__Anaerolineae;o__JACIWP01;f__JACIWP01;g__JACIWP01;s__JACIWP01 sp014360855,0,0,0.2,0,0,0.4,0,0,0.3,0,0.9
630D-37 sp037447295,d__Bacteria;p__Chloroflexota;c__Anaerolineae;o__Anaerolineales;f__Villigracilaceae;g__630D-37;s__630D-37 sp037447295,0,0,0,0,0,0,0,0,0,0,0.1
GBS-60_Mar13_bin.100,d__Bacteria;p__Patescibacteriota;c__Microgenomatia;o__UBA1406;f__GWC2-37-13;g__RSWP21;s__,0,0,0.1,0,0,0.1,0,0,29.4,0,29.6
HRBIN35 sp036741875,d__Bacteria;p__Patescibacteriota;c__Minisyncoccia;o__UBA6257;f__HR35;g__HRBIN35;s__HRBIN35 sp036741875,0,0.1,0.2,0,0,0.4,0.1,0,0.3,0,1.1
Thermalbibacter longus,d__Bacteria;p__Chloroflexota;c__Chloroflexia;o__Thermomicrobiales;f__Thermomicrobiaceae;g__Thermalbibacter;s__Thermalbibacter longus,0,0,0,0,0,0,0,0,0.1,0,0.2
GBS-60_Mar13_bin.053,d__Bacteria;p__Chloroflexota;c__Anaerolineae;o__Anaerolineales;f__Anaerolineaceae;g__Bellilinea;s__,0,0,0.1,0,0,0.1,0.1,0,1.3,0,1.6
GBS-C_Jun24_bin.014,d__Archaea;p__Thermoproteota;c__Nitrososphaeria_A;o__Caldarchaeales;f__Caldarchaeaceae;g__HRBIN01;s__,0,0.2,1.7,0,0,0.8,2.8,0,0.6,0,6.3
JAPYWM01 sp028276345,d__Bacteria;p__Bacteroidota;c__Bacteroidia;o__SpSt-205;f__SpSt-205;g__JAPYWM01;s__JAPYWM01 sp028276345,0,0,0,0,0,0,0,0,0.4,0,0.5
GBS-C_Feb24_bin.170,d__Bacteria;p__Hydrogenedentota;c__Hydrogenedentia;o__Hydrogenedentales;f__Hydrogenedentaceae;g__JAOAHN01;s__,0,0,0.5,0,0,1.2,0,0,0.9,0,2.6
GBS60_3300020153_48,d__Bacteria;p__WOR-3;c__Hydrothermia;o__JBDRYB01;f__JBDRYB01;g__JBDRYB01;s__,0,0,0.1,0,0,0,0,0,2.5,0,2.5
Stenotrophomonas daejeonensis,d__Bacteria;p__Pseudomonadota;c__Gammaproteobacteria;o__Xanthomonadales;f__Xanthomonadaceae;g__Stenotrophomonas;s__Stenotrophomonas daejeonensis,0,0,0,0,0,0,0,0,0,0,0
WFXV01 sp015519965,d__Bacteria;p__Deinococcota;c__Deinococci;o__Deinococcales;f__Marinithermaceae;g__WFXV01;s__WFXV01 sp015519965,0,0,0,0,0,0,0,0,0,0,0
Fredericiella sp026645635,d__Bacteria;p__Chloroflexota;c__Anaerolineae;o__Caldilineales;f__Caldilineaceae;g__Fredericiella;s__Fredericiella sp026645635,0,0,0,0,0,0,0,0,0,0,0
Rhodothermus sp015487635,d__Bacteria;p__Bacteroidota_A;c__Rhodothermia;o__Rhodothermales;f__Rhodothermaceae;g__Rhodothermus;s__Rhodothermus sp015487635,0,0,0,0,0,0,0,0,0,0,0
GBS-85_Mar13_bin.089,d__Bacteria;p__Planctomycetota;c__Planctomycetia;o__Gemmatales;f__HRBIN36;g__HRBIN36;s__,0,0,2.8,0,0,0.3,0,0,2,0,5.2
GBS-A_Feb24_bin.011,d__Archaea;p__Halobacteriota;c__Archaeoglobi;o__Archaeoglobales;f__Archaeoglobaceae;g__WYZ-LMO2;s__,6.6,0.4,0.3,1.6,0.3,0.7,0,0.1,0,0,9.9
Bellilinea sp034432615,d__Bacteria;p__Chloroflexota;c__Anaerolineae;o__Anaerolineales;f__Anaerolineaceae;g__Bellilinea;s__Bellilinea sp034432615,0,0,0,0,0,0,0,0,0.7,0,0.7
Mesorhizobium manganicum,d__Bacteria;p__Pseudomonadota;c__Alphaproteobacteria;o__Rhizobiales;f__Rhizobiaceae;g__Mesorhizobium;s__Mesorhizobium manganicum,0,0,0,0,0,0,0,0,0,0,0
GBS-2 sp001443025,d__Bacteria;p__Patescibacteriota;c__Minisyncoccia;o__Minisyncoccales;f__GBS-2;g__GBS-2;s__GBS-2 sp001443025,0,0.6,7.3,0,0,8.1,1.5,0.1,0.1,0,17.7
Geminicoccus harenae,d__Bacteria;p__Pseudomonadota;c__Alphaproteobacteria;o__Geminicoccales;f__Geminicoccaceae;g__Geminicoccus;s__Geminicoccus harenae,0,0,0,0,0,0,0,0,0,0,0
SCGC-AG-212-J23 sp019509895,d__Bacteria;p__Pseudomonadota;c__Gammaproteobacteria;o__Burkholderiales;f__SG8-39;g__SCGC-AG-212-J23;s__SCGC-AG-212-J23 sp019509895,0.1,0,0,0,0,0,0,0,0,0,0.1
Enterobacter ludwigii,d__Bacteria;p__Pseudomonadota;c__Gammaproteobacteria;o__Enterobacterales;f__Enterobacteriaceae;g__Enterobacter;s__Enterobacter ludwigii,0,0,0,0,0,0,0,0,0,0,0
GBS-C_Feb24_bin.195,d__Archaea;p__Thermoproteota;c__Bathyarchaeia;o__Bathyarchaeales;f__Bathycorpusculaceae;g__DRVV01;s__,0,0,0.5,0,0,1.4,0.1,0,0,0,2.1
Calditenuis fumarioli,d__Archaea;p__Thermoproteota;c__Nitrososphaeria_A;o__Caldarchaeales;f__Calditenuaceae;g__Calditenuis;s__Calditenuis fumarioli,1.2,1.2,0.1,1.6,1.9,0.4,0.9,1.3,0,0,8.5
Meiothermus sp937950405,d__Bacteria;p__Deinococcota;c__Deinococci;o__Deinococcales;f__Thermaceae;g__Meiothermus;s__Meiothermus sp937950405,0,0,0,0,0,0,0,0,0,0,0
GBS60_3300020153_23,d__Bacteria;p__Acidobacteriota;c__Blastocatellia;o__HR10;f__HR10;g__HR10;s__,0,0,4.3,0,0,0.2,1.1,0,5.6,0,11.2
Thermoflexus sp041641155,d__Bacteria;p__Chloroflexota;c__Anaerolineae;o__Thermoflexales;f__Thermoflexaceae;g__Thermoflexus;s__Thermoflexus sp041641155,0,0.1,0.1,0,0,0.1,0.1,0.1,0,0,0.5
UBA11096 sp025057245,d__Bacteria;p__Aquificota;c__Aquificia;o__Aquificales;f__Aquificaceae;g__UBA11096;s__UBA11096 sp025057245,0,0,0,0,0,0,0,0,0,0,0.1
HRBIN16 sp028275265,d__Bacteria;p__Armatimonadota;c__HRBIN16;o__HRBIN16;f__HRBIN16;g__HRBIN16;s__HRBIN16 sp028275265,0,0,0,0,0,0,0,0,1.9,0,2
WFXV01 sp026984675,d__Bacteria;p__Deinococcota;c__Deinococci;o__Deinococcales;f__Marinithermaceae;g__WFXV01;s__WFXV01 sp026984675,0,0,0,0,0,0,0,0,0,0,0
CAIOSQ01 sp947500965,d__Bacteria;p__Pseudomonadota;c__Alphaproteobacteria;o__CACIAM-22H2;f__CACIAM-22H2;g__CAIOSQ01;s__CAIOSQ01 sp947500965,0,0,0,0,0,0,0,0,0,0,0
CAIOSQ01 sp041178225,d__Bacteria;p__Pseudomonadota;c__Alphaproteobacteria;o__CACIAM-22H2;f__CACIAM-22H2;g__CAIOSQ01;s__CAIOSQ01 sp041178225,0,0,0,0,0,0,0,0,0,0,0
Allomeiothermus sp040290145,d__Bacteria;p__Deinococcota;c__Deinococci;o__Deinococcales;f__Thermaceae;g__Allomeiothermus;s__Allomeiothermus sp040290145,0,0,0,0,0,0,0,0,0,0,0
Rhodococcus_F sp030056735,d__Bacteria;p__Actinomycetota;c__Actinomycetes;o__Mycobacteriales;f__Mycobacteriaceae;g__Rhodococcus_F;s__Rhodococcus_F sp030056735,0,0,0,0,0,0,0,0,0,0,0
Longimicrobium sp902805735,d__Bacteria;p__Gemmatimonadota;c__Gemmatimonadetes;o__Longimicrobiales;f__Longimicrobiaceae;g__Longimicrobium;s__Longimicrobium sp902805735,0,0,0,0,0,0,0,0,0,0,0
Nocardiopsis sp937957845,d__Bacteria;p__Actinomycetota;c__Actinomycetes;o__Streptosporangiales;f__Streptosporangiaceae;g__Nocardiopsis;s__Nocardiopsis sp937957845,0,0,0.1,0,0,0,0,0,0,0,0.1
UBA11096 sp033971325,d__Bacteria;p__Aquificota;c__Aquificia;o__Aquificales;f__Aquificaceae;g__UBA11096;s__UBA11096 sp033971325,0,0,0,0,0,0,0,0,0,0,0.1
SKYB61 sp026418015,d__Bacteria;p__Spirochaetota;c__Leptospiria;o__Leptospirales;f__Leptonemataceae;g__SKYB61;s__SKYB61 sp026418015,0,0,0,0,0,0,0,0,3.9,0,3.9
Geobacillus thermophilus,d__Bacteria;p__Bacillota;c__Bacilli;o__Bacillales;f__Anoxybacillaceae;g__Geobacillus;s__Geobacillus thermophilus,0,0,0,0,0,0,0,0,0,0,0
UBA11096 sp030549905,d__Bacteria;p__Aquificota;c__Aquificia;o__Aquificales;f__Aquificaceae;g__UBA11096;s__UBA11096 sp030549905,0,0,0,0,0,0,0,0,0,0,0.1
GBS-60_Mar13_bin.130,d__Bacteria;p__Patescibacteriota;c__Minisyncoccia;o__UBA6257;f__2-01-FULL-56-20;g__JANWZH01;s__,0,0,0.1,0,0,0.1,0,0,4.2,0,4.4
JARVJX01 sp029775995,d__Archaea;p__Thermoproteota;c__Nitrososphaeria;o__Nitrososphaerales;f__JARVJX01;g__JARVJX01;s__JARVJX01 sp029775995,0,0,0.2,0,0,0.2,0.4,0,0,0,0.9
Chloroflexus sp034432675,d__Bacteria;p__Chloroflexota;c__Chloroflexia;o__Chloroflexales;f__Chloroflexaceae;g__Chloroflexus;s__Chloroflexus sp034432675,0,0,0,0,0,0,0,0,0.1,0,0.1
DTEX01 sp038859955,d__Archaea;p__Thermoproteota;c__Bathyarchaeia;o__Bathyarchaeales;f__DTEX01;g__DTEX01;s__DTEX01 sp038859955,0,0,0,0,0,0,0,0,0,0,0.1
Thermoflexus tengchongensis,d__Bacteria;p__Chloroflexota;c__Anaerolineae;o__Thermoflexales;f__Thermoflexaceae;g__Thermoflexus;s__Thermoflexus tengchongensis,0,0.1,0.2,0,0,0.2,0.3,0.1,0,0,1
Nanosyncoccus sp963619335,d__Bacteria;p__Patescibacteriota;c__Saccharimonadia;o__Saccharimonadales;f__Nanosyncoccaceae;g__Nanosyncoccus;s__Nanosyncoccus sp963619335,0,0,0,0,0,0,0,0,0,0,0
DAOTYM01 sp034434775,d__Bacteria;p__Chloroflexota;c__Anaerolineae;o__DTPP01;f__DTPP01;g__DAOTYM01;s__DAOTYM01 sp034434775,0,0,0.1,0,0,0,0,0,0.5,0,0.6
GBS-C_Jun24_bin.027,d__Bacteria;p__Acidobacteriota;c__HRBIN11;o__HRBIN11;f__HRBIN11;g__HRBIN11;s__,0,1.2,23,0,0,3.9,8.2,0.5,0.1,0,36.9
SpSt-600 sp028275425,d__Bacteria;p__Chloroflexota;c__Anaerolineae;o__SpSt-600;f__SpSt-600;g__SpSt-600;s__SpSt-600 sp028275425,0,0.5,6.7,0,0,6.3,0.8,0,0.1,0,14.4
HRBIN15 sp037444405,d__Bacteria;p__Armatimonadota;c__Fimbriimonadia;o__Fimbriimonadales;f__GBS-DC;g__HRBIN15;s__HRBIN15 sp037444405,0,0,0.3,0,0,0.1,0.2,0,0.1,0,0.6
GBS-1 sp001443005,d__Bacteria;p__Synergistota;c__GBS-1;o__GBS-1;f__GBS-1;g__GBS-1;s__GBS-1 sp001443005,0,0.1,0.5,0,0,1.7,0.1,0.1,0.2,0,2.7
GBS-60_Mar13_bin.067,d__Archaea;p__Thermoproteota;c__Nitrososphaeria_A;o__Caldarchaeales;f__Caldarchaeaceae;g__HRBIN01;s__,0,0.5,2.4,0,0,2.5,4.9,0.1,3.1,0,13.4
Thermostichus sp039794885,d__Bacteria;p__Cyanobacteriota;c__Cyanobacteriia;o__Thermostichales;f__Thermostichaceae;g__Thermostichus;s__Thermostichus sp039794885,0,0,0,0,0,0,0,0,0.1,0,0.1
JALWUZ01 sp027079895,d__Bacteria;p__Chloroflexota;c__Anaerolineae;o__B4-G1;f__B4-G1;g__JALWUZ01;s__JALWUZ01 sp027079895,0,0,0,0,0,0,0,0,0,0,0
CAIYPH01 sp903910565,d__Bacteria;p__Pseudomonadota;c__Alphaproteobacteria;o__Acetobacterales;f__Acetobacteraceae;g__CAIYPH01;s__CAIYPH01 sp903910565,0,0,0,0,0,0,0,0,0,0,0
WFXV01 sp027023345,d__Bacteria;p__Deinococcota;c__Deinococci;o__Deinococcales;f__Marinithermaceae;g__WFXV01;s__WFXV01 sp027023345,0,0,0,0,0,0,0,0,0,0,0
UBA8801 sp003505795,d__Bacteria;p__Pseudomonadota;c__Gammaproteobacteria;o__Xanthomonadales;f__Xanthomonadaceae;g__UBA8801;s__UBA8801 sp003505795,0,0,0,0,0,0,0,0,0,0,0
Desulforhopalus sp023231425,d__Bacteria;p__Desulfobacterota;c__Desulfobulbia;o__Desulfobulbales;f__Desulfocapsaceae;g__Desulforhopalus;s__Desulforhopalus sp023231425,0.2,0,0,0,0,0,0,0,0,0,0.2
GBS60_3300020153_42,d__Bacteria;p__Acidobacteriota;c__Thermoanaerobaculia;o__Thermoanaerobaculales;f__Thermoanaerobaculaceae;g__;s__,0,0,0,0,0,0,0,0,2.4,0,2.4
NAK19 sp034434515,d__Bacteria;p__Chloroflexota;c__Anaerolineae;o__Anaerolineales;f__UBA4823;g__NAK19;s__NAK19 sp034434515,0,0,0,0,0,0,0,0,1.5,0,1.5
GBS-70_Mar13_bin.007,d__Bacteria;p__Armatimonadota;c__HRBIN17;o__HRBIN17;f__HRBIN17;g__Fervidibacter;s__,2.1,8.8,5.1,5.4,8.1,5,3.9,16.1,0.2,0,54.8
Acinetobacter sp013417155,d__Bacteria;p__Pseudomonadota;c__Gammaproteobacteria;o__Pseudomonadales;f__Moraxellaceae;g__Acinetobacter;s__Acinetobacter sp013417155,0,0,0,0,0,0,0,0,0,0,0
ThaumBS3,d__Archaea;p__Thermoproteota;c__Nitrososphaeria;o__Conexivisphaerales;f__DTJL01;g__JAVYTR01;s__,0,0,0,0,0,0,0,0,0,0,0
GBS-60_Mar13_bin.086,d__Bacteria;p__Verrucomicrobiota;c__Kiritimatiellia;o__CAIKKV01;f__CAIKKV01;g__CALHRZ01;s__,0,0,0,0,0,0,0,0,1.8,0,1.8
JAKAWJ01 sp021800035,d__Archaea;p__Thermoproteota;c__Thermoprotei_A;o__Marsarchaeales;f__Marsarchaeaceae;g__JAKAWJ01;s__JAKAWJ01 sp021800035,0,0,0,0,0,0,0,0,0,0,0
GBS-60_Mar13_bin.048,d__Bacteria;p__Ratteibacteria;c__UBA8468;o__B48-G9;f__JAFGKM01;g__JAMWDI01;s__,0,0,0.6,0,0,0.6,0,0,1.2,0,2.5
JAREAF01 sp029240475,d__Bacteria;p__Pseudomonadota;c__Alphaproteobacteria;o__Dongiales;f__JAREAF01;g__JAREAF01;s__JAREAF01 sp029240475,0,0,0,0,0,0,0,0,0,0,0
GBS-A_Jun24_bin.022,d__Bacteria;p__Desulfobacterota;c__B13-G15;o__B13-G15;f__B13-G15;g__B73-G16;s__,0.3,1,2.5,0.1,0,3.8,0.3,0.1,0,0,8
CAHJXG01 sp937858325,d__Bacteria;p__Pseudomonadota;c__Alphaproteobacteria;o__Acetobacterales;f__Acetobacteraceae;g__CAHJXG01;s__CAHJXG01 sp937858325,0,0,0,0,0,0,0,0,0,0,0
DAOTVY01 sp041082245,d__Bacteria;p__Chloroflexota;c__Chloroflexia;o__DTKN01;f__DTKN01;g__DAOTVY01;s__DAOTVY01 sp041082245,0,0,0,0,0,0,0,0,0,0,0
Limnochorda sp012799445,d__Bacteria;p__Bacillota;c__Limnochordia;o__Limnochordales;f__Limnochordaceae;g__Limnochorda;s__Limnochorda sp012799445,0,0,0,0,0,0,0,0,0,0,0
JAABRB01 sp027493935,d__Bacteria;p__Pseudomonadota;c__Gammaproteobacteria;o__Burkholderiales;f__SG8-39;g__JAABRB01;s__JAABRB01 sp027493935,0,0,0,0,0,0,0,0,0,0,0
JALZLY01 sp030858465,d__Bacteria;p__Deinococcota;c__Deinococci;o__Deinococcales;f__Trueperaceae;g__JALZLY01;s__JALZLY01 sp030858465,0,0,0,0,0,0,0,0,0,0,0
GBS-60_Mar13_bin.093,d__Bacteria;p__Bacteroidota_A;c__Kapaibacteriia;o__Kapaibacteriales;f__UBA2268;g__Naka2016;s__,0,0,0.1,0,0,0,0,0,11.4,0,11.5
Chloroflexus sp034434295,d__Bacteria;p__Chloroflexota;c__Chloroflexia;o__Chloroflexales;f__Chloroflexaceae;g__Chloroflexus;s__Chloroflexus sp034434295,0,0,0,0,0,0,0,0,0.1,0,0.1
Ramlibacter sp013815685,d__Bacteria;p__Pseudomonadota;c__Gammaproteobacteria;o__Burkholderiales;f__Burkholderiaceae;g__Ramlibacter;s__Ramlibacter sp013815685,0,0,0,0,0,0,0,0,0,0,0
Stutzerimonas stutzeri_G,d__Bacteria;p__Pseudomonadota;c__Gammaproteobacteria;o__Pseudomonadales;f__Pseudomonadaceae;g__Stutzerimonas;s__Stutzerimonas stutzeri_G,0,0,0,0,0,0,0,0,0,0,0
Oceanithermus sp026981865,d__Bacteria;p__Deinococcota;c__Deinococci;o__Deinococcales;f__Marinithermaceae;g__Oceanithermus;s__Oceanithermus sp026981865,0,0,0,0,0,0,0,0,0,0,0
Rhodospira visakhapatnamensis,d__Bacteria;p__Pseudomonadota;c__Alphaproteobacteria;o__Rhodospirillales;f__Rhodospirillaceae;g__Rhodospira;s__Rhodospira visakhapatnamensis,0,0,0,0,0,0,0,0,0,0,0
GBS-C_Feb24_bin.127,d__Bacteria;p__Ratteibacteria;c__UBA8468;o__B48-G9;f__JAFGKM01;g__;s__,0,0.1,13.5,0,0,18.9,2,0,0.2,0,34.9
Thermoflexus sp040289485,d__Bacteria;p__Chloroflexota;c__Anaerolineae;o__Thermoflexales;f__Thermoflexaceae;g__Thermoflexus;s__Thermoflexus sp040289485,0,0.1,0.1,0,0,0.1,0.1,0.1,0,0,0.5
GBS-60_Mar13_bin.144,d__Bacteria;p__Omnitrophota;c__Koll11;o__Duberdicusellales;f__4484-171;g__JAMWCT01;s__,0,0,0.3,0,0,0.3,0.1,0,1.7,0,2.4
RGVZ01 sp963923405,d__Bacteria;p__Bdellovibrionota_B;c__Oligoflexia;o__Oligoflexales;f__RGVZ01;g__RGVZ01;s__RGVZ01 sp963923405,0.7,0,0,0,0,0,0,0,0,0,0.7
CAKZQG01 sp937139605,d__Bacteria;p__DRYD01;c__DRYD01;o__DRYD01;f__DRYD01;g__CAKZQG01;s__CAKZQG01 sp937139605,0,0,0,0,0,0,0,0,0,0,0.1
GBS-C_Feb24_bin.053,d__Archaea;p__Korarchaeota;c__Korarchaeia;o__Korarchaeales;f__Korarchaeaceae;g__Korarchaeum;s__,0,0,3.1,0,0,3.6,0.1,0.1,0,0,7
Thermalbibacter sp014874455,d__Bacteria;p__Chloroflexota;c__Chloroflexia;o__Thermomicrobiales;f__Thermomicrobiaceae;g__Thermalbibacter;s__Thermalbibacter sp014874455,0,0,0,0,0,0,0,0,0.1,0,0.2
CALDOK01 sp937912125,d__Bacteria;p__Myxococcota;c__UBA796;o__UBA796;f__JAFGLY01;g__CALDOK01;s__CALDOK01 sp937912125,0,0,0,0,0,0,0,0,0,0,0
Rubrobacter_B sp020253895,d__Bacteria;p__Actinomycetota;c__Rubrobacteria;o__Rubrobacterales;f__Rubrobacteraceae;g__Rubrobacter_B;s__Rubrobacter_B sp020253895,0,0,0.3,0,0,0,0,0,0,0,0.3
GBS-60_Mar13_bin.044,d__Bacteria;p__Acidobacteriota;c__Terriglobia;o__Bryobacterales;f__Bryobacteraceae;g__JANWVO01;s__,0,0,0,0,0,0,0,0,2,0,2
JBBIQH01 sp037442405,d__Archaea;p__Thermoproteota;c__Nitrososphaeria;o__Nitrososphaerales;f__Nitrosocaldaceae;g__JBBIQH01;s__JBBIQH01 sp037442405,0,0.1,0.2,0,0,0.1,0.5,0,0.1,0,1
Aestuariivirga sp945957365,d__Bacteria;p__Pseudomonadota;c__Alphaproteobacteria;o__Rhizobiales;f__Aestuariivirgaceae;g__Aestuariivirga;s__Aestuariivirga sp945957365,0,0,0,0,0,0,0,0,0,0,0
Thermomicrobium roseum,d__Bacteria;p__Chloroflexota;c__Chloroflexia;o__Thermomicrobiales;f__Thermomicrobiaceae;g__Thermomicrobium;s__Thermomicrobium roseum,0,0,0.4,0,0,0.3,0.1,0,0.3,0,1
SSF26 sp026417535,d__Bacteria;p__Chloroflexota;c__Anaerolineae;o__J102;f__J102;g__SSF26;s__SSF26 sp026417535,0,0,0,0,0,0,0,0,0,0,0
GBS-C_Feb24_bin.025,d__Archaea;p__Thermoproteota;c__Nitrososphaeria_A;o__Caldarchaeales;f__JAVZCJ01;g__JAVZCJ01;s__,0,0.2,0.6,0.1,0,1.9,0.1,0,0,0,2.8
GBS-C_Feb24_bin.131,d__Bacteria;p__Patescibacteriota;c__Minisyncoccia;o__Minisyncoccales;f__GBS-2;g__GBS-2;s__,0,5.6,3.3,0.1,0,20.6,10.2,1.7,0.1,0,41.6
Tepidifontimicrobium sp025060455,d__Bacteria;p__Sysuimicrobiota;c__Sysuimicrobiia;o__Sysuimicrobiales;f__Sysuimicrobiaceae;g__Tepidifontimicrobium;s__Tepidifontimicrobium sp025060455,0,0,0.3,0,0,0.1,0.1,0,0.1,0,0.6
GBS70_3300020139_34,d__Archaea;p__Korarchaeota;c__Korarchaeia;o__Korarchaeales;f__Korarchaeaceae;g__Korarchaeum;s__,0,0,3.8,0,0,2,0.1,0.1,0,0,6
SpSt-77 sp036172315,d__Bacteria;p__Chloroflexota;c__Anaerolineae;o__B4-G1;f__DUEL01;g__SpSt-77;s__SpSt-77 sp036172315,0,0,0.1,0,0,0.1,0,0,0.6,0,0.8
JAPWUW01 sp028275325,d__Bacteria;p__Chloroflexota;c__Anaerolineae;o__DRVO01;f__DRVO01;g__JAPWUW01;s__JAPWUW01 sp028275325,0,0,0.3,0,0,0.3,0,0,0.5,0,1.1
GBS70_3300020139_16,d__Bacteria;p__Planctomycetota;c__Planctomycetia;o__Gemmatales;f__HRBIN36;g__HRBIN36;s__,0,0,1.7,0,0,0.3,0,0,1,0,3
GBS-60_Mar13_bin.140,d__Bacteria;p__Desulfobacterota;c__Syntrophobacteria;o__Syntrophobacterales;f__DSM-9756;g__Desulfosoma;s__,0,0,0,0,0,0,0,0,1.3,0,1.3
Nitrobacter sp035546855,d__Bacteria;p__Pseudomonadota;c__Alphaproteobacteria;o__Rhizobiales;f__Xanthobacteraceae;g__Nitrobacter;s__Nitrobacter sp035546855,0,0,0,0,0,0,0,0,0,0,0
Rubrivivax sp027489455,d__Bacteria;p__Pseudomonadota;c__Gammaproteobacteria;o__Burkholderiales;f__Burkholderiaceae;g__Rubrivivax;s__Rubrivivax sp027489455,0,0,0,0,0,0,0,0,0,0,0.1
Ch128b sp026415235,d__Bacteria;p__Bacteroidota_A;c__Ignavibacteria;o__Ch128b;f__Ch128b;g__Ch128b;s__Ch128b sp026415235,0,0,0,0,0,0,0,0,0.1,0,0.1
GBS-60_Mar13_bin.076,d__Bacteria;p__Patescibacteriota;c__Microgenomatia;o__UBA1406;f__GWC2-37-13;g__RSWP21;s__,0,0,0,0,0,0,0,0,7.7,0,7.8
JAAFGM01 sp026003755,d__Bacteria;p__Chloroflexota;c__Anaerolineae;o__J036;f__Brachytrichaceae;g__JAAFGM01;s__JAAFGM01 sp026003755,0,0,0,0,0,0,0,0,0.1,0,0.1
HRBIN15 sp002898555,d__Bacteria;p__Armatimonadota;c__Fimbriimonadia;o__Fimbriimonadales;f__GBS-DC;g__HRBIN15;s__HRBIN15 sp002898555,0,0,0.4,0,0,0.1,0.2,0,0.6,0,1.3
Streptomyces specialis,d__Bacteria;p__Actinomycetota;c__Actinomycetes;o__Streptomycetales;f__Streptomycetaceae;g__Streptomyces;s__Streptomyces specialis,0,0,0,0,0,0,0,0,0,0,0.1
GBS70_3300020139_11,d__Bacteria;p__Acidobacteriota;c__HRBIN11;o__HRBIN11;f__HRBIN11;g__HRBIN11;s__,0,0.6,33.3,0,0,2.1,3.5,0.2,0.1,0,39.8
JAVHLZ01 sp037440005,d__Bacteria;p__Sysuimicrobiota;c__Sysuimicrobiia;o__Sysuimicrobiales;f__Kaftiobacteriaceae;g__JAVHLZ01;s__JAVHLZ01 sp037440005,0,0,0,0,0,0,0,0,0,0,0.1
JAAFGM01 sp025998955,d__Bacteria;p__Chloroflexota;c__Anaerolineae;o__J036;f__Brachytrichaceae;g__JAAFGM01;s__JAAFGM01 sp025998955,0,0,0,0,0,0,0,0,0,0,0
GBS-60_Mar13_bin.023,d__Bacteria;p__Patescibacteriota;c__Microgenomatia;o__UBA1406;f__GWC2-37-13;g__RSWP21;s__,0,0,0.1,0,0,0.1,0,0,18.8,0,19
GBS-A_Jun24_bin.035,d__Bacteria;p__Armatimonadota;c__HRBIN17;o__HRBIN17;f__HRBIN17;g__Fervidibacter;s__,1.6,5.4,3.3,3.1,4.2,4.7,2.6,7.4,0.1,0,32.4
SpSt-77 sp037445395,d__Bacteria;p__Chloroflexota;c__Anaerolineae;o__B4-G1;f__DUEL01;g__SpSt-77;s__SpSt-77 sp037445395,0,0,0.3,0,0,0.2,0,0,2.5,0,3
GBS-A_Feb24_bin.054,d__Archaea;p__Thermoproteota;c__Nitrososphaeria;o__;f__;g__;s__,12.1,0.1,0,0.5,0,1.3,0,0,0,0,14
Pseudomonas_E sp947090765,d__Bacteria;p__Pseudomonadota;c__Gammaproteobacteria;o__Pseudomonadales;f__Pseudomonadaceae;g__Pseudomonas_E;s__Pseudomonas_E sp947090765,0,0,0,0,0,0,0,0,0,0,0
GBS-85_Mar13_bin.074,d__Bacteria;p__Acidobacteriota;c__Blastocatellia;o__HR10;f__HR10;g__HR10;s__,0,0,12.4,0,0,0.2,1.7,0,4,0,18.3
CF-46 sp031361415,d__Bacteria;p__Chloroflexota;c__Limnocylindria;o__Limnocylindrales;f__CSP1-4;g__CF-46;s__CF-46 sp031361415,0,0,0,0,0,0,0,0,0,0,0
Amycolatopsis sp031082405,d__Bacteria;p__Actinomycetota;c__Actinomycetes;o__Mycobacteriales;f__Pseudonocardiaceae;g__Amycolatopsis;s__Amycolatopsis sp031082405,0,0,0,0,0,0,0,0,0,0,0.1
JASBRS01 sp030149325,d__Bacteria;p__Deinococcota;c__Deinococci;o__Deinococcales;f__Trueperaceae;g__JASBRS01;s__JASBRS01 sp030149325,0,0,0,0,0,0,0,0,0,0,0
Rhizobium sp016429255,d__Bacteria;p__Pseudomonadota;c__Alphaproteobacteria;o__Rhizobiales;f__Rhizobiaceae;g__Rhizobium;s__Rhizobium sp016429255,0,0,0.1,0,0,0,0,0,0.3,0,0.5
GBS-C_Feb24_bin.128,d__Archaea;p__Thermoproteota;c__Nitrososphaeria_A;o__Caldarchaeales;f__Wolframiiraptoraceae;g__Terraquivivens;s__,0.2,2.8,0.8,0.7,0.5,9.2,1.4,0.8,0,0,16.4
Thioalbus sp028694565,d__Bacteria;p__Pseudomonadota;c__Gammaproteobacteria;o__DSM-26407;f__DSM-26407;g__Thioalbus;s__Thioalbus sp028694565,0,0,0,0,0,0,0,0,0,0,0
DTER01 sp025060415,d__Bacteria;p__Bipolaricaulota;c__Bipolaricaulia;o__Bipolaricaulales;f__Bipolaricaulaceae;g__DTER01;s__DTER01 sp025060415,0,0.2,0.9,0,0,2.3,0.2,0,0,0,3.6
Thermocrinis sp036845005,d__Bacteria;p__Aquificota;c__Aquificia;o__Aquificales;f__Aquificaceae;g__Thermocrinis;s__Thermocrinis sp036845005,0,0,0,0,0,0.1,0,0,0,0,0.2
CAKZQX01 sp034435975,d__Bacteria;p__Chloroflexota;c__Chloroflexia;o__Chloroflexales;f__Chloroflexaceae;g__CAKZQX01;s__CAKZQX01 sp034435975,0,0,0,0,0,0,0,0,0.1,0,0.1
JADYZS01 sp034434975,d__Bacteria;p__Chloroflexota;c__Anaerolineae;o__JADYZS01;f__JADYZS01;g__JADYZS01;s__JADYZS01 sp034434975,0,0,0,0,0,0,0,0,1.9,0,1.9
GBS70_3300020139_15,d__Bacteria;p__Myxococcota;c__UBA9042;o__DTJE01;f__DTJE01;g__;s__,0,0.1,3.6,0,0.1,0.5,0.1,0.1,0,0,4.6
Pseudomonas_E bharatica,d__Bacteria;p__Pseudomonadota;c__Gammaproteobacteria;o__Pseudomonadales;f__Pseudomonadaceae;g__Pseudomonas_E;s__Pseudomonas_E bharatica,0,0,0,0,0,0,0,0,0,0,0
GBS-C_Feb24_bin.059,d__Archaea;p__Thermoproteota;c__Methanomethylicia;o__Methanomethylicales;f__Methanomethylicaceae;g__WYZ-LMO10;s__,0,0,0.6,0,0,1.1,0,0,0.8,0,2.4
Meiothermus sp037440185,d__Bacteria;p__Deinococcota;c__Deinococci;o__Deinococcales;f__Thermaceae;g__Meiothermus;s__Meiothermus sp037440185,0,0,0,0,0,0,0,0,0,0,0
CFX2 sp937922795,d__Bacteria;p__Chloroflexota;c__Anaerolineae;o__Aggregatilineales;f__Phototrophicaceae;g__CFX2;s__CFX2 sp937922795,0,0,0,0,0,0,0,0,0,0,0
Thermalbibacter sp938082375,d__Bacteria;p__Chloroflexota;c__Chloroflexia;o__Thermomicrobiales;f__Thermomicrobiaceae;g__Thermalbibacter;s__Thermalbibacter sp938082375,0,0,0,0,0,0,0,0,0,0,0.1
Bipolaricaulis anaerobius,d__Bacteria;p__Bipolaricaulota;c__Bipolaricaulia;o__Bipolaricaulales;f__Bipolaricaulaceae;g__Bipolaricaulis;s__Bipolaricaulis anaerobius,0,0,0,0,0,0,0,0,0.1,0,0.1
Ch128b sp937944105,d__Bacteria;p__Bacteroidota_A;c__Ignavibacteria;o__Ch128b;f__Ch128b;g__Ch128b;s__Ch128b sp937944105,0,0,0,0,0,0,0,0,0.1,0,0.1
GBS-85_Mar13_bin.007,d__Bacteria;p__Elusimicrobiota;c__Endomicrobiia;o__DTEH01;f__DTEH01;g__JANXDG01;s__,0,0.2,20,0,0,8.8,0.7,0,0.2,0,29.9
GBS-85_Mar13_bin.031,d__Bacteria;p__Myxococcota;c__UBA9042;o__DTJE01;f__DTJE01;g__;s__,0,0,3.8,0,0,0.1,0,0,0.1,0,4
UBA11096 sp025057455,d__Bacteria;p__Aquificota;c__Aquificia;o__Aquificales;f__Aquificaceae;g__UBA11096;s__UBA11096 sp025057455,0,0,0,0,0,0,0,0,0,0,0.1
Thermocrinis sp036794885,d__Bacteria;p__Aquificota;c__Aquificia;o__Aquificales;f__Aquificaceae;g__Thermocrinis;s__Thermocrinis sp036794885,0,0,0,0,0,0,0,0,0,0,0.1
GBS-60_Mar13_bin.134,d__Bacteria;p__Acidobacteriota;c__Terriglobia;o__Bryobacterales;f__Bryobacteraceae;g__CALKXJ01;s__,0,0,0,0,0,0,0,0,6.4,0,6.4
Thermomicrobium sp041640735,d__Bacteria;p__Chloroflexota;c__Chloroflexia;o__Thermomicrobiales;f__Thermomicrobiaceae;g__Thermomicrobium;s__Thermomicrobium sp041640735,0,0,0,0,0,0,0,0,0,0,0
GBS-C_Feb24_bin.123,d__Archaea;p__Thermoproteota;c__Nitrososphaeria_A;o__Caldarchaeales;f__Calditenuaceae;g__CALIKS01;s__,0,0.5,2,0,0,14.5,1.4,0.2,0.9,0,19.6
GBS60_3300020153_09,d__Bacteria;p__Planctomycetota;c__Planctomycetia;o__Pirellulales;f__Thermoguttaceae;g__JANXAQ01;s__,0,0,0,0,0,0,0,0,7.6,0,7.6
Collinsella sp900547855,d__Bacteria;p__Actinomycetota;c__Coriobacteriia;o__Coriobacteriales;f__Coriobacteriaceae;g__Collinsella;s__Collinsella sp900547855,0,0,0,0,0,0,0,0,0,0,0
Spirillospora sp013372625,d__Bacteria;p__Actinomycetota;c__Actinomycetes;o__Streptosporangiales;f__Streptosporangiaceae;g__Spirillospora;s__Spirillospora sp013372625,0,0,0.1,0,0,0,0,0,0.1,0,0.2
GBS-85_Mar13_bin.005,d__Bacteria;p__Desulfobacterota;c__B13-G15;o__B13-G15;f__B13-G15;g__B73-G16;s__,0.1,0.2,7.2,0,0,10.5,0.5,0,0,0,18.5
GBS-C_Feb24_bin.094,d__Archaea;p__Thermoproteota;c__Bathyarchaeia;o__B24;f__DRYS01;g__DRYS01;s__,0.1,0.7,1.4,0.2,0,5.1,0.2,0,0,0,7.8
GBS-60_Mar13_bin.102,d__Bacteria;p__Actinomycetota;c__Acidimicrobiia;o__ATN3;f__PSLF01;g__;s__,0,0,2.7,0,0,0,0,0,2,0,4.6
Caldilinea sp020634815,d__Bacteria;p__Chloroflexota;c__Anaerolineae;o__Caldilineales;f__Caldilineaceae;g__Caldilinea;s__Caldilinea sp020634815,0,0,0,0,0,0,0,0,0,0,0
Meiothermus sp937863175,d__Bacteria;p__Deinococcota;c__Deinococci;o__Deinococcales;f__Thermaceae;g__Meiothermus;s__Meiothermus sp937863175,0,0,0,0,0,0,0,0,0,0,0
JAUQVP01 sp039794745,d__Bacteria;p__Cyanobacteriota;c__Cyanobacteriia;o__Thermostichales;f__Thermostichaceae;g__JAUQVP01;s__JAUQVP01 sp039794745,0,0,0,0,0,0,0,0,0,0,0
GBS-C_Feb24_bin.082,d__Bacteria;p__Armatimonadota;c__HRBIN17;o__HRBIN17;f__HRBIN17;g__Fervidibacter;s__,1.6,4.7,4.5,2.6,3.6,6.3,2.5,6.2,0.2,0,32.3
Rhizomicrobium sp018971835,d__Bacteria;p__Pseudomonadota;c__Alphaproteobacteria;o__Micropepsales;f__Micropepsaceae;g__Rhizomicrobium;s__Rhizomicrobium sp018971835,0,0,0,0,0,0,0,0,0,0,0
GBS-A_Jun24_bin.019,d__Bacteria;p__Armatimonadota;c__HRBIN17;o__HRBIN17;f__HRBIN17;g__Fervidibacter;s__,1.3,6.5,6.3,2.4,3,10,3.1,5.6,0.2,0,38.4
Allomeiothermus sp035760705,d__Bacteria;p__Deinococcota;c__Deinococci;o__Deinococcales;f__Thermaceae;g__Allomeiothermus;s__Allomeiothermus sp035760705,0,0,0,0,0,0,0,0,0,0,0
Meiothermus sp033762915,d__Bacteria;p__Deinococcota;c__Deinococci;o__Deinococcales;f__Thermaceae;g__Meiothermus;s__Meiothermus sp033762915,0,0,0,0,0,0,0,0,0,0,0
GBS-C_Jun24_bin.018,d__Bacteria;p__WOR-3;c__Hydrothermia;o__Hydrothermales;f__Hydrothermaceae;g__JBDRZD01;s__,0,2.9,15.5,0,0,33,4.8,0.1,0,0,56.4
GBS-C_Feb24_bin.061,d__Bacteria;p__Elusimicrobiota;c__Elusimicrobia;o__Elusimicrobiales;f__UBA9959;g__;s__,0,0,0.7,0,0,2.1,0.1,0,1,0,4
GBS-C_Feb24_bin.036,d__Bacteria;p__Desulfobacterota;c__B13-G15;o__B13-G15;f__B13-G15;g__B73-G16;s__,0.1,0.3,7.2,0,0,11.1,0.5,0,0,0,19.3
Thermomicrobium sp002898975,d__Bacteria;p__Chloroflexota;c__Chloroflexia;o__Thermomicrobiales;f__Thermomicrobiaceae;g__Thermomicrobium;s__Thermomicrobium sp002898975,0,0,0.1,0,0,0,0,0,0.3,0,0.4
LDYB01 sp037442385,d__Bacteria;p__Armatimonadota;c__Fimbriimonadia;o__Fimbriimonadales;f__GBS-DC;g__LDYB01;s__LDYB01 sp037442385,0,0,0.1,0,0,0,0,0,0,0,0.2
GBS-C_Feb24_bin.041,d__Archaea;p__Thermoproteota;c__Bathyarchaeia;o__40CM-2-53-6;f__JAVZFM01;g__JAVZFM01;s__,0,0,0.6,0,0,2.6,0.1,0,0,0,3.4
GBS-A_Jun24_bin.017,d__Archaea;p__Aenigmatarchaeota;c__Aenigmatarchaeia;o__CG10238-14;f__SpSt-28;g__SpSt-28;s__,0.2,16.9,0.4,0.4,0,5.6,14.6,1.1,0,0,39.3
DTER01 sp023255835,d__Bacteria;p__Bipolaricaulota;c__Bipolaricaulia;o__Bipolaricaulales;f__Bipolaricaulaceae;g__DTER01;s__DTER01 sp023255835,0,0.2,1.4,0,0,3.2,0.2,0,0,0,5.2
Emergencia intestinalis,d__Bacteria;p__Bacillota;c__Clostridia;o__Peptostreptococcales;f__Anaerovoracaceae;g__Emergencia;s__Emergencia intestinalis,0,0,0,0,0,0,0,0,0,0,0.1
Gloeomargarita sp937936705,d__Bacteria;p__Cyanobacteriota;c__Cyanobacteriia;o__Gloeomargaritales;f__Gloeomargaritaceae;g__Gloeomargarita;s__Gloeomargarita sp937936705,0,0,0,0,0,0,0,0,0.2,0,0.2
JAMCQK01 sp023382135,d__Bacteria;p__Deinococcota;c__Deinococci;o__Deinococcales;f__Thermaceae;g__JAMCQK01;s__JAMCQK01 sp023382135,0,0,0,0,0,0,0,0,0,0,0
Gloeomargarita lithophora,d__Bacteria;p__Cyanobacteriota;c__Cyanobacteriia;o__Gloeomargaritales;f__Gloeomargaritaceae;g__Gloeomargarita;s__Gloeomargarita lithophora,0,0,0,0,0,0,0,0,0.2,0,0.2
GBS-C_Feb24_bin.064,d__Bacteria;p__Caldisericota;c__Caldisericia;o__B22-G15;f__B22-G15;g__JAAYUH01;s__,0,0,0.6,0,0,3.2,0.1,0,0.5,0,4.5
JAVVHA01 sp032249735,d__Bacteria;p__Chloroflexota;c__Dehalococcoidia;o__SM23-28-2;f__HRBIN24;g__JAVVHA01;s__JAVVHA01 sp032249735,0,0.1,2.8,0,0,0.6,2,0.1,0,0,5.6
Geocrenenecus sp000405685,d__Archaea;p__Thermoproteota;c__Nitrososphaeria_A;o__Caldarchaeales;f__Wolframiiraptoraceae;g__Geocrenenecus;s__Geocrenenecus sp000405685,0.1,2.9,7.7,0.3,0,56.4,10.4,0.2,3.4,0,81.3
BS503 sp018725455,d__Bacteria;p__Chloroflexota;c__Dehalococcoidia;o__SZUA-161;f__SpSt-899;g__BS503;s__BS503 sp018725455,0,0,0,0,0,0,0,0,0,0,0
Rhodococcus_F sp006543605,d__Bacteria;p__Actinomycetota;c__Actinomycetes;o__Mycobacteriales;f__Mycobacteriaceae;g__Rhodococcus_F;s__Rhodococcus_F sp006543605,0,0,0,0,0,0,0,0,0,0,0
Rhodoferax_C sp947372865,d__Bacteria;p__Pseudomonadota;c__Gammaproteobacteria;o__Burkholderiales;f__Burkholderiaceae;g__Rhodoferax_C;s__Rhodoferax_C sp947372865,0,0,0,0,0,0,0,0,0,0,0
GBS-85_Mar13_bin.051,d__Bacteria;p__Armatimonadota;c__HRBIN17;o__HRBIN17;f__HRBIN17;g__Fervidibacter;s__,1.1,4.6,10.5,1.8,2.1,15.7,3,3.7,0.1,0,42.9
UBA9673 sp003541445,d__Bacteria;p__Bacillota;c__UBA995;o__UBA995;f__UBA9673;g__UBA9673;s__UBA9673 sp003541445,0,0,0,0,0,0,0,0,0,0,0
GBS-C_Feb24_bin.095,d__Bacteria;p__Desulfobacterota;c__B13-G15;o__B13-G15;f__B13-G15;g__B73-G16;s__,0,0,8.5,0,0,5.5,0.2,0,0,0,14.3
GBS-C_Jun24_bin.009,d__Bacteria;p__WOR-3;c__Hydrothermia;o__Hydrothermales;f__JAJRUZ01;g__;s__,0,0.1,10.3,0.1,0.1,48.8,9.4,0,0,0,68.9
HRBIN02 sp032249095,d__Archaea;p__Thermoproteota;c__Nitrososphaeria_A;o__Caldarchaeales;f__Calditenuaceae;g__HRBIN02;s__HRBIN02 sp032249095,0,2.8,1.4,0.4,0.2,3,5.7,1.2,0.5,0,15.1
GBS-60_Mar13_bin.073,d__Bacteria;p__Gemmatimonadota;c__Gemmatimonadetes;o__Palauibacterales;f__KS3-K002;g__;s__,0,0,0,0,0,0,0,0,1.5,0,1.5
Tepidifontimicrobium sp041640435,d__Bacteria;p__Sysuimicrobiota;c__Sysuimicrobiia;o__Sysuimicrobiales;f__Sysuimicrobiaceae;g__Tepidifontimicrobium;s__Tepidifontimicrobium sp041640435,0,0,0.2,0,0,0.1,0,0,0,0,0.4
GBS-60_Mar13_bin.008,d__Bacteria;p__Elusimicrobiota;c__Elusimicrobia;o__Elusimicrobiales;f__UBA9959;g__;s__,0,0,0.1,0.1,0,0.3,0,0,2.6,0,3.2
Thiomonas intermedia_C,d__Bacteria;p__Pseudomonadota;c__Gammaproteobacteria;o__Burkholderiales;f__Burkholderiaceae;g__Thiomonas;s__Thiomonas intermedia_C,0,0,0,0,0,0,0,0,0,0,0
WFXV01 sp027061845,d__Bacteria;p__Deinococcota;c__Deinococci;o__Deinococcales;f__Marinithermaceae;g__WFXV01;s__WFXV01 sp027061845,0,0,0,0,0,0,0,0,0,0,0
Anaeromyxobacter sp036394835,d__Bacteria;p__Myxococcota;c__Myxococcia;o__Myxococcales;f__Anaeromyxobacteraceae;g__Anaeromyxobacter;s__Anaeromyxobacter sp036394835,0,0,0,0,0,0,0,0,0,0,0
GBS-60_Mar13_bin.106,d__Bacteria;p__Desulfobacterota;c__Syntrophobacteria;o__Syntrophobacterales;f__Thermodesulforhabdaceae;g__JAOACS01;s__,0,0.2,0.2,0.1,0.1,0.2,0.4,0.3,2.1,0,3.8
JBBRXZ01 sp038238095,d__Bacteria;p__Patescibacteriota;c__Saccharimonadia;o__Saccharimonadales;f__UBA4665;g__JBBRXZ01;s__JBBRXZ01 sp038238095,0,0,0,0,0,0,0,0,0,0,0
GBS60_3300020153_43,d__Bacteria;p__WOR-3;c__WOR-3;o__SM23-42;f__JAOAFX01;g__JAOAFX01;s__,0,0,0.1,0,0,0.1,0,0,2,0,2.2
Thermoflexus sp035573655,d__Bacteria;p__Chloroflexota;c__Anaerolineae;o__Thermoflexales;f__Thermoflexaceae;g__Thermoflexus;s__Thermoflexus sp035573655,0,0,0.1,0,0,0.1,0.1,0,0,0,0.3
JACAEO01 sp013388805,d__Bacteria;p__Chloroflexota;c__Chloroflexia;o__Chloroflexales;f__Chloroflexaceae;g__JACAEO01;s__JACAEO01 sp013388805,0,0,0,0,0,0,0,0,0.1,0,0.1
GBS-C_Feb24_bin.146,d__Archaea;p__Thermoproteota;c__Nitrososphaeria;o__Nitrososphaerales;f__JAAOZN01;g__JAAOZN01;s__,0,0.7,1.9,0,0,7.8,0.8,0.1,0.1,0,11.4
SCTD01 sp036675425,d__Bacteria;p__Actinomycetota;c__Actinomycetes;o__Mycobacteriales;f__SCTD01;g__SCTD01;s__SCTD01 sp036675425,0,0,0.3,0,0,0,0,0,0,0,0.3
UBA2029 sp034433965,d__Bacteria;p__Chloroflexota;c__Anaerolineae;o__Aggregatilineales;f__Aggregatilineaceae;g__UBA2029;s__UBA2029 sp034433965,0,0,0,0,0,0,0,0,0.6,0,0.6
DTER01 sp014360995,d__Bacteria;p__Bipolaricaulota;c__Bipolaricaulia;o__Bipolaricaulales;f__Bipolaricaulaceae;g__DTER01;s__DTER01 sp014360995,0,0.2,1.3,0,0,3.3,0.2,0,0,0,5.1
Hydrogenivirga sp015492115,d__Bacteria;p__Aquificota;c__Aquificia;o__Aquificales;f__Aquificaceae;g__Hydrogenivirga;s__Hydrogenivirga sp015492115,0,0,0,0,0,0,0,0,0,0,0
CAMLHU01 sp031365045,d__Bacteria;p__Gemmatimonadota;c__Gemmatimonadetes;o__Gemmatimonadales;f__GWC2-71-9;g__CAMLHU01;s__CAMLHU01 sp031365045,0,0,0,0,0,0,0,0,0,0,0
SpSt-77 sp014360895,d__Bacteria;p__Chloroflexota;c__Anaerolineae;o__B4-G1;f__DUEL01;g__SpSt-77;s__SpSt-77 sp014360895,0,0,0.1,0,0,0.1,0,0,0.8,0,1.1
JAABTL01 sp019429025,d__Bacteria;p__Deinococcota;c__Deinococci;o__Deinococcales;f__Trueperaceae;g__JAABTL01;s__JAABTL01 sp019429025,0,0,0,0,0,0,0,0,0,0,0
Thiohalocapsa sp028277725,d__Bacteria;p__Pseudomonadota;c__Gammaproteobacteria;o__Chromatiales;f__Chromatiaceae;g__Thiohalocapsa;s__Thiohalocapsa sp028277725,0,0,0,0,0,0,0,0,0,0,0
JASBRS01 sp037386005,d__Bacteria;p__Deinococcota;c__Deinococci;o__Deinococcales;f__Trueperaceae;g__JASBRS01;s__JASBRS01 sp037386005,0,0,0,0,0,0,0,0,0,0,0
Gluconobacter sp937880175,d__Bacteria;p__Pseudomonadota;c__Alphaproteobacteria;o__Acetobacterales;f__Acetobacteraceae;g__Gluconobacter;s__Gluconobacter sp937880175,0,0,0,0,0,0,0,0,0,0,0.1
HRBIN24 sp002898715,d__Bacteria;p__Chloroflexota;c__Dehalococcoidia;o__SM23-28-2;f__HRBIN24;g__HRBIN24;s__HRBIN24 sp002898715,0,0,0,0,0,0,0,0,0.1,0,0.2
GBS-C_Feb24_bin.152,d__Archaea;p__Thermoproteota;c__Bathyarchaeia;o__Bathyarchaeales;f__DTEX01;g__DTEX01;s__,0.4,0.6,0.6,0.1,0.1,7.5,0.5,0.2,0.1,0,10
SpSt-77 sp014874475,d__Bacteria;p__Chloroflexota;c__Anaerolineae;o__B4-G1;f__DUEL01;g__SpSt-77;s__SpSt-77 sp014874475,0,0,0.1,0,0,0.1,0,0,0.5,0,0.7
GBS-60_Mar13_bin.024,d__Bacteria;p__Armatimonadota;c__UBA5829;o__DSUL01;f__DSUL01;g__CALCJH01;s__,0,0,0.1,0,0,0.1,0,0,1.9,0,2.2
Oceanithermus profundus_A,d__Bacteria;p__Deinococcota;c__Deinococci;o__Deinococcales;f__Marinithermaceae;g__Oceanithermus;s__Oceanithermus profundus_A,0,0,0,0,0,0,0,0,0,0,0
CAIYQJ01 sp029778235,d__Bacteria;p__Chloroflexota;c__Limnocylindria;o__Limnocylindrales;f__CSP1-4;g__CAIYQJ01;s__CAIYQJ01 sp029778235,0,0,0,0,0,0,0,0,0,0,0
GBS-85_Mar13_bin.078,d__Archaea;p__Nanobdellota;c__Nanobdellia;o__Pacearchaeales;f__JAPDKA01;g__JAWAZI01;s__,0,0.2,10,0,0,9.1,0.9,0.1,0,0,20.4
GBS-C_Feb24_bin.158,d__Archaea;p__Aenigmatarchaeota;c__Aenigmatarchaeia;o__GW2011-AR5;f__JAHLMP01;g__JAHLMP01;s__,0,0,1.4,0,0,2.5,0.1,0,0.1,0,4.2
CALJIC01 sp039805565,d__Bacteria;p__Chloroflexota;c__Chloroflexia;o__Chloroflexales;f__Roseiflexaceae;g__CALJIC01;s__CALJIC01 sp039805565,0,0,0,0,0,0,0,0,0,0,0
Meiothermus sp041695225,d__Bacteria;p__Deinococcota;c__Deinococci;o__Deinococcales;f__Thermaceae;g__Meiothermus;s__Meiothermus sp041695225,0,0,0,0,0,0,0,0,0,0,0
Fervidibacter sp020833105,d__Bacteria;p__Armatimonadota;c__HRBIN17;o__HRBIN17;f__HRBIN17;g__Fervidibacter;s__Fervidibacter sp020833105,1.2,2.9,3,2,2.6,3.4,1.9,4.2,0.1,0,21.3
Marmoricola_A sp902805845,d__Bacteria;p__Actinomycetota;c__Actinomycetes;o__Propionibacteriales;f__Nocardioidaceae;g__Marmoricola_A;s__Marmoricola_A sp902805845,0,0,0.1,0,0,0,0,0,0,0,0.1
GBS-60_Mar13_bin.057,d__Bacteria;p__Verrucomicrobiota;c__Verrucomicrobiia;o__Limisphaerales;f__Limisphaeraceae;g__Limisphaera;s__,0,0,0,0,0,0,0,0,1.6,0,1.6
JACIWG01 sp029776125,d__Archaea;p__Thermoproteota;c__Nitrososphaeria;o__JACIWG01;f__JACIWG01;g__JACIWG01;s__JACIWG01 sp029776125,0,0,0,0,0,0.1,0,0,0,0,0.1
GBS-C_Feb24_bin.063,d__Bacteria;p__Planctomycetota;c__Planctomycetia;o__Pirellulales;f__Thermoguttaceae;g__DTLM01;s__,0,0,10.7,0,0,5.3,0.2,0,8.3,0,24.5
JACQWB01 sp016209385,d__Bacteria;p__Methylomirabilota;c__Methylomirabilia;o__Rokubacteriales;f__CSP1-6;g__JACQWB01;s__JACQWB01 sp016209385,0,0,0,0,0,0,0,0,0,0,0
Microbacterium sp018895315,d__Bacteria;p__Actinomycetota;c__Actinomycetes;o__Actinomycetales;f__Microbacteriaceae;g__Microbacterium;s__Microbacterium sp018895315,0,0,0,0,0,0,0,0,0,0,0
Thermodesulfobacterium sp938091335,d__Bacteria;p__Desulfobacterota;c__Thermodesulfobacteria;o__Thermodesulfobacteriales;f__Thermodesulfobacteriaceae;g__Thermodesulfobacterium;s__Thermodesulfobacterium sp938091335,0,0,0,0,0,0.1,0,0,0,0,0.1
CALJIC01 sp937974195,d__Bacteria;p__Chloroflexota;c__Chloroflexia;o__Chloroflexales;f__Roseiflexaceae;g__CALJIC01;s__CALJIC01 sp937974195,0,0,0,0,0,0,0,0,0,0,0
DAOTYL01 sp034434955,d__Bacteria;p__Chloroflexota;c__Anaerolineae;o__Aggregatilineales;f__UBA3940;g__DAOTYL01;s__DAOTYL01 sp034434955,0,0,0,0,0,0,0,0,6.6,0,6.6
Enterenecus sp029067025,d__Bacteria;p__Bacillota;c__Clostridia;o__Oscillospirales;f__Oscillospiraceae;g__Enterenecus;s__Enterenecus sp029067025,0,0,0,0,0,0,0,0,0,0,0
GBS-C_Feb24_bin.068,d__Archaea;p__Hadarchaeota;c__Hadarchaeia;o__Hadarchaeales;f__WYZ-LMO6;g__WYZ-LMO6;s__,0,0.2,0.3,0,0,11.5,0.2,0,0,0,12.3
Thermocrinis sp022759285,d__Bacteria;p__Aquificota;c__Aquificia;o__Aquificales;f__Aquificaceae;g__Thermocrinis;s__Thermocrinis sp022759285,0,0,0,0,0,0,0,0,0,0,0.1
JAAEKA01 sp041300885,d__Bacteria;p__Chloroflexota;c__Anaerolineae;o__JAAEKA01;f__JAAEKA01;g__JAAEKA01;s__JAAEKA01 sp041300885,0,0,0,0,0,0,0,0,0,0,0
Gloeomargarita sp039794565,d__Bacteria;p__Cyanobacteriota;c__Cyanobacteriia;o__Gloeomargaritales;f__Gloeomargaritaceae;g__Gloeomargarita;s__Gloeomargarita sp039794565,0,0,0,0,0,0,0,0,0.1,0,0.1
JACAEO01 sp034434655,d__Bacteria;p__Chloroflexota;c__Chloroflexia;o__Chloroflexales;f__Chloroflexaceae;g__JACAEO01;s__JACAEO01 sp034434655,0,0,0,0,0,0,0,0,0.2,0,0.2
GBS-85_Mar13_bin.030,d__Bacteria;p__WOR-3;c__Hydrothermia;o__Hydrothermales;f__Hydrothermaceae;g__JBDRZD01;s__,0,0.4,12.8,0,0,9.5,0.9,0,0.1,0,23.6
J090 sp003695065,d__Bacteria;p__Pseudomonadota;c__Alphaproteobacteria;o__Sphingomonadales;f__Govaniaceae;g__J090;s__J090 sp003695065,0,0,0,0,0,0,0,0,0,0,0
Cyanobium sp943373065,d__Bacteria;p__Cyanobacteriota;c__Cyanobacteriia;o__PCC-6307;f__Cyanobiaceae;g__Cyanobium;s__Cyanobium sp943373065,0,0,0,0,0,0,0,0,0,0,0
Calditenuis sp039630085,d__Archaea;p__Thermoproteota;c__Nitrososphaeria_A;o__Caldarchaeales;f__Calditenuaceae;g__Calditenuis;s__Calditenuis sp039630085,0.2,0.2,0,0.2,0.3,0.1,0.2,0.2,0,0,1.3
Gloeomargarita sp039794725,d__Bacteria;p__Cyanobacteriota;c__Cyanobacteriia;o__Gloeomargaritales;f__Gloeomargaritaceae;g__Gloeomargarita;s__Gloeomargarita sp039794725,0,0,0,0,0,0,0,0,0.2,0,0.2
Roseiarcus sp903932535,d__Bacteria;p__Pseudomonadota;c__Alphaproteobacteria;o__Rhizobiales;f__Beijerinckiaceae;g__Roseiarcus;s__Roseiarcus sp903932535,0,0,0,0,0,0,0,0,0,0,0
HRBIN24 sp035574155,d__Bacteria;p__Chloroflexota;c__Dehalococcoidia;o__SM23-28-2;f__HRBIN24;g__HRBIN24;s__HRBIN24 sp035574155,0,0,0,0,0,0,0,0,0,0,0
HRBIN16 sp026003195,d__Bacteria;p__Armatimonadota;c__HRBIN16;o__HRBIN16;f__HRBIN16;g__HRBIN16;s__HRBIN16 sp026003195,0,0,0,0,0,0,0,0,0.1,0,0.2
Kouleothrix sp937858455,d__Bacteria;p__Chloroflexota;c__Chloroflexia;o__Chloroflexales;f__Roseiflexaceae;g__Kouleothrix;s__Kouleothrix sp937858455,0,0,0,0,0,0,0,0,0,0,0
DTER01 sp030550535,d__Bacteria;p__Bipolaricaulota;c__Bipolaricaulia;o__Bipolaricaulales;f__Bipolaricaulaceae;g__DTER01;s__DTER01 sp030550535,0,0.1,0.9,0,0,2.1,0.1,0,0,0,3.2
CAKZQG01 sp028276365,d__Bacteria;p__DRYD01;c__DRYD01;o__DRYD01;f__DRYD01;g__CAKZQG01;s__CAKZQG01 sp028276365,0,0,0.1,0,0,0.1,0.1,0,0.1,0,0.4
JAAYYF01 sp023954415,d__Bacteria;p__Deinococcota;c__Deinococci;o__Deinococcales;f__Trueperaceae;g__JAAYYF01;s__JAAYYF01 sp023954415,0,0,0,0,0,0,0,0,0,0,0
GBS-85_Mar13_bin.034,d__Archaea;p__Thermoproteota;c__Nitrososphaeria;o__Nitrososphaerales;f__JAAOZN01;g__JAAOZN01;s__,0,3.8,5.4,0.2,0.1,16.6,1.9,0.5,0.1,0,28.8
Caldilinea sp937128415,d__Bacteria;p__Chloroflexota;c__Anaerolineae;o__Caldilineales;f__Caldilineaceae;g__Caldilinea;s__Caldilinea sp937128415,0,0,0,0,0,0,0,0,0,0,0
JAOUNA01 sp029881215,d__Bacteria;p__Myxococcota_A;c__UBA9160;o__UBA9160;f__SMWR01;g__JAOUNA01;s__JAOUNA01 sp029881215,0,0,0,0,0,0,0,0,0,0,0
Prescottella defluvii_A,d__Bacteria;p__Actinomycetota;c__Actinomycetes;o__Mycobacteriales;f__Mycobacteriaceae;g__Prescottella;s__Prescottella defluvii_A,0,0,0,0,0,0,0,0,0,0,0
GBS-85_Mar13_bin.050,d__Bacteria;p__Patescibacteriota;c__Minisyncoccia;o__Minisyncoccales;f__GCA-002788555;g__;s__,0,0,40.3,0,0,3.4,0.5,0,0,0,44.2
Desulforudis sp040757205,d__Bacteria;p__Bacillota;c__Desulfotomaculia;o__Desulfotomaculales;f__Desulforudaceae;g__Desulforudis;s__Desulforudis sp040757205,0,0,0,0,0,0,0,0,0,0,0
Korarchaeum sp020833055,d__Archaea;p__Korarchaeota;c__Korarchaeia;o__Korarchaeales;f__Korarchaeaceae;g__Korarchaeum;s__Korarchaeum sp020833055,0,0,0,0,0,0,0,0,0,0,0.1
GBS-C_Feb24_bin.028,d__Archaea;p__Thermoproteota;c__Bathyarchaeia;o__Bathyarchaeales;f__Bathycorpusculaceae;g__;s__,0,0.1,0.3,0,0,2.1,0.1,0,0,0,2.5
JAJZIR01 sp021810505,d__Bacteria;p__Deinococcota;c__Deinococci;o__Deinococcales;f__Deinococcaceae;g__JAJZIR01;s__JAJZIR01 sp021810505,0,0,0,0,0,0,0,0,0,0,0
Agromyces sp913053875,d__Bacteria;p__Actinomycetota;c__Actinomycetes;o__Actinomycetales;f__Microbacteriaceae;g__Agromyces;s__Agromyces sp913053875,0,0,0,0,0,0,0,0,0,0,0
Aquifex aeolicus_A,d__Bacteria;p__Aquificota;c__Aquificia;o__Aquificales;f__Aquificaceae;g__Aquifex;s__Aquifex aeolicus_A,0,0,0,0,0,0,0,0,0,0,0.1
JAGPUQ01 sp913060555,d__Bacteria;p__Pseudomonadota;c__Gammaproteobacteria;o__Pseudomonadales;f__Porticoccaceae;g__JAGPUQ01;s__JAGPUQ01 sp913060555,0,0,0,0,0,0,0,0,0,0,0
Bipolaricaulis sp037442305,d__Bacteria;p__Bipolaricaulota;c__Bipolaricaulia;o__Bipolaricaulales;f__Bipolaricaulaceae;g__Bipolaricaulis;s__Bipolaricaulis sp037442305,0,0,0,0,0,0.1,0,0,0,0,0.1
CAIKXV01 sp947458835,d__Bacteria;p__Pseudomonadota;c__Gammaproteobacteria;o__Burkholderiales;f__CAIKXV01;g__CAIKXV01;s__CAIKXV01 sp947458835,0,0,0,0,0,0,0,0,0,0,0
VBCG01 sp022709775,d__Bacteria;p__Pseudomonadota;c__Gammaproteobacteria;o__Burkholderiales;f__Casimicrobiaceae;g__VBCG01;s__VBCG01 sp022709775,0,0,0,0,0,0,0,0,0,0,0
GBS60_3300020153_31,d__Bacteria;p__Desulfobacterota;c__Syntrophobacteria;o__Syntrophobacterales;f__Thermodesulforhabdaceae;g__JAOACS01;s__,0,0.1,0.4,0,0.1,0.4,0.6,0.2,3.3,0,5
CAIMWE01 sp903845115,d__Bacteria;p__Acidobacteriota;c__Thermoanaerobaculia;o__UBA5066;f__UBA5066;g__CAIMWE01;s__CAIMWE01 sp903845115,0,0,0,0,0,0,0,0,0,0,0
GBS-C_Feb24_bin.072,d__Archaea;p__Thermoproteota;c__Nitrososphaeria;o__Nitrososphaerales;f__JAAOZN01;g__JAAOZN01;s__,0.1,0.8,0.6,0,0,3.6,0.7,0,0.1,0,5.9
JAKOUY01 sp037045185,d__Bacteria;p__Actinomycetota;c__Acidimicrobiia;o__Acidimicrobiales;f__Ilumatobacteraceae;g__JAKOUY01;s__JAKOUY01 sp037045185,0,0,0.1,0,0,0,0,0,0,0,0.1
Rudaea sp018240545,d__Bacteria;p__Pseudomonadota;c__Gammaproteobacteria;o__Xanthomonadales;f__Rhodanobacteraceae;g__Rudaea;s__Rudaea sp018240545,0,0,0,0,0,0,0,0,0,0,0
Thermophilibacter sp959598545,d__Bacteria;p__Actinomycetota;c__Coriobacteriia;o__Coriobacteriales;f__Atopobiaceae;g__Thermophilibacter;s__Thermophilibacter sp959598545,0,0,0,0,0,0,0,0,0,0,0
Zestosphaera sp020833255,d__Archaea;p__Thermoproteota;c__Thermoprotei_A;o__Sulfolobales;f__NBVN01;g__Zestosphaera;s__Zestosphaera sp020833255,0,0,0,0,0,0.1,0,0,0,0,0.2
Egicoccus halophilus,d__Bacteria;p__Actinomycetota;c__Nitriliruptoria;o__Nitriliruptorales;f__Nitriliruptoraceae;g__Egicoccus;s__Egicoccus halophilus,0,0,0,0,0,0,0,0,0,0,0
DTER01 sp014360945,d__Bacteria;p__Bipolaricaulota;c__Bipolaricaulia;o__Bipolaricaulales;f__Bipolaricaulaceae;g__DTER01;s__DTER01 sp014360945,0,0.2,1.1,0,0,2.4,0.2,0,0,0,3.8
Tepidifontimicrobium sp938028835,d__Bacteria;p__Sysuimicrobiota;c__Sysuimicrobiia;o__Sysuimicrobiales;f__Sysuimicrobiaceae;g__Tepidifontimicrobium;s__Tepidifontimicrobium sp938028835,0,0,0.3,0,0,0.1,0.1,0,0.1,0,0.5
JAKOVR01 sp029782025,d__Bacteria;p__Actinomycetota;c__Acidimicrobiia;o__Acidimicrobiales;f__UBA8139;g__JAKOVR01;s__JAKOVR01 sp029782025,0,0,0,0,0,0,0,0,0,0,0
CTSoil-043 sp017882025,d__Bacteria;p__Chloroflexota;c__Limnocylindria;o__Limnocylindrales;f__CSP1-4;g__CTSoil-043;s__CTSoil-043 sp017882025,0,0,0,0,0,0,0,0,0,0,0
CAG-873 sp947174915,d__Bacteria;p__Bacteroidota;c__Bacteroidia;o__Bacteroidales;f__Muribaculaceae;g__CAG-873;s__CAG-873 sp947174915,0,0,0,0,0,0,0,0,0,0,0
JAAFGM01 sp938034415,d__Bacteria;p__Chloroflexota;c__Anaerolineae;o__J036;f__Brachytrichaceae;g__JAAFGM01;s__JAAFGM01 sp938034415,0,0,0,0,0,0,0,0,0.1,0,0.1
GBS-C_Feb24_bin.085,d__Bacteria;p__Patescibacteriota;c__Minisyncoccia;o__Minisyncoccales;f__GBS-2;g__GBS-2;s__,0,0.3,28.1,0,0,30.3,7.4,0.1,0,0,66.3
Mycobacterium sp021648845,d__Bacteria;p__Actinomycetota;c__Actinomycetes;o__Mycobacteriales;f__Mycobacteriaceae;g__Mycobacterium;s__Mycobacterium sp021648845,0,0,0,0,0,0,0,0,0,0,0
Caldipriscus sp039802605,d__Bacteria;p__WOR-3;c__Hydrothermia;o__LBFQ01;f__LBFQ01;g__Caldipriscus;s__Caldipriscus sp039802605,0,0,0,0.1,0.1,0,0,0.1,0,0,0.3
SpSt-77 sp034435875,d__Bacteria;p__Chloroflexota;c__Anaerolineae;o__B4-G1;f__DUEL01;g__SpSt-77;s__SpSt-77 sp034435875,0,0,0.1,0,0,0.1,0,0,0.7,0,1
DATLZM01 sp035573995,d__Bacteria;p__Actinomycetota;c__UBA4738;o__UBA4738;f__HRBIN12;g__DATLZM01;s__DATLZM01 sp035573995,0,0,0,0,0,0,0,0,0,0,0
CAIXZV01 sp038250545,d__Bacteria;p__Chloroflexota;c__Limnocylindria;o__Limnocylindrales;f__CSP1-4;g__CAIXZV01;s__CAIXZV01 sp038250545,0,0,0,0,0,0,0,0,0,0,0
DTER01 sp037439765,d__Bacteria;p__Bipolaricaulota;c__Bipolaricaulia;o__Bipolaricaulales;f__Bipolaricaulaceae;g__DTER01;s__DTER01 sp037439765,0,0.2,1.1,0,0,2.3,0.2,0,0,0,3.8
UBA11096 sp037481935,d__Bacteria;p__Aquificota;c__Aquificia;o__Aquificales;f__Aquificaceae;g__UBA11096;s__UBA11096 sp037481935,0,0,0,0,0,0,0,0,0,0,0.1
DATLGD01 sp035540755,d__Bacteria;p__Actinomycetota;c__Actinomycetes;o__Mycobacteriales;f__SCTD01;g__DATLGD01;s__DATLGD01 sp035540755,0,0,0,0,0,0,0,0,0,0,0
Ribeiella danica,d__Bacteria;p__Chloroflexota;c__Chloroflexia;o__Chloroflexales;f__Roseiflexaceae;g__Ribeiella;s__Ribeiella danica,0,0,0,0,0,0,0,0,0,0,0
Caldilinea sp003451595,d__Bacteria;p__Chloroflexota;c__Anaerolineae;o__Caldilineales;f__Caldilineaceae;g__Caldilinea;s__Caldilinea sp003451595,0,0,0,0,0,0,0,0,0,0,0
Gloeomargarita sp025062155,d__Bacteria;p__Cyanobacteriota;c__Cyanobacteriia;o__Gloeomargaritales;f__Gloeomargaritaceae;g__Gloeomargarita;s__Gloeomargarita sp025062155,0,0,0,0,0,0,0,0,0.1,0,0.1
DTER01 sp938084765,d__Bacteria;p__Bipolaricaulota;c__Bipolaricaulia;o__Bipolaricaulales;f__Bipolaricaulaceae;g__DTER01;s__DTER01 sp938084765,0,0.1,0.6,0,0,1.5,0.1,0,0,0,2.4
CAKZKT01 sp937124585,d__Bacteria;p__Chloroflexota;c__Anaerolineae;o__CG2-30-64-16;f__CG2-30-64-16;g__CAKZKT01;s__CAKZKT01 sp937124585,0,0,0,0,0,0,0,0,0,0,0
WFXV01 sp026989475,d__Bacteria;p__Deinococcota;c__Deinococci;o__Deinococcales;f__Marinithermaceae;g__WFXV01;s__WFXV01 sp026989475,0,0,0,0,0,0,0,0,0,0,0
Thermoflexus sinensis,d__Bacteria;p__Chloroflexota;c__Anaerolineae;o__Thermoflexales;f__Thermoflexaceae;g__Thermoflexus;s__Thermoflexus sinensis,0,0,0,0,0,0,0.1,0,0,0,0.2
GBS-C_Feb24_bin.013,d__Archaea;p__Thermoproteota;c__Bathyarchaeia;o__Bathyarchaeales;f__Bathycorpusculaceae;g__;s__,0,0.2,0.3,0,0,3,0.1,0,0,0,3.5
GBS-60_Mar13_bin.124,d__Bacteria;p__Planctomycetota;c__Planctomycetia;o__Pirellulales;f__Thermoguttaceae;g__JANXAQ01;s__,0,0,0,0,0,0,0,0,2.9,0,2.9
WYZ-LMO11 sp004348015,d__Archaea;p__Thermoproteota;c__Methanomethylicia;o__Methanomethylicales;f__Methanomethylicaceae;g__WYZ-LMO11;s__WYZ-LMO11 sp004348015,0,0,0,0,0,0.1,0,0,0,0,0.1
Bog-756 sp963977795,d__Bacteria;p__Actinomycetota;c__Acidimicrobiia;o__Acidimicrobiales;f__RAAP-2;g__Bog-756;s__Bog-756 sp963977795,0,0,3,0,0,0,0,0,0,0,3.1
JAOAAG01 sp034435075,d__Bacteria;p__Chloroflexota;c__Anaerolineae;o__B4-G1;f__B4-G1;g__JAOAAG01;s__JAOAAG01 sp034435075,0,0,0,0,0,0,0,0,0.9,0,0.9
GBS-85_Mar13_bin.090,d__Bacteria;p__Desulfobacterota;c__B13-G15;o__B13-G15;f__B13-G15;g__B73-G16;s__,0,0.1,22.9,0,0,10.9,0.5,0,0,0,34.5
Rhodococcus_F sp004211695,d__Bacteria;p__Actinomycetota;c__Actinomycetes;o__Mycobacteriales;f__Mycobacteriaceae;g__Rhodococcus_F;s__Rhodococcus_F sp004211695,0,0,0,0,0,0,0,0,0,0,0
Nitrososphaera sp036741615,d__Archaea;p__Thermoproteota;c__Nitrososphaeria;o__Nitrososphaerales;f__Nitrososphaeraceae;g__Nitrososphaera;s__Nitrososphaera sp036741615,0,0,0,0,0,0,0,0,0,0,0
Hydrogenobacter hydrogenophilus,d__Bacteria;p__Aquificota;c__Aquificia;o__Aquificales;f__Aquificaceae;g__Hydrogenobacter;s__Hydrogenobacter hydrogenophilus,0,0,0,0,0,0,0,0,0,0,0.1
SKWV01 sp013697735,d__Bacteria;p__Deinococcota;c__Deinococci;o__Deinococcales;f__Trueperaceae;g__SKWV01;s__SKWV01 sp013697735,0,0,0,0,0,0,0,0,0,0,0
GBS-C_Feb24_bin.093,d__Archaea;p__Halobacteriota;c__Archaeoglobi;o__Archaeoglobales;f__Archaeoglobaceae;g__Archaeoglobus;s__,0,1.6,6.3,0.4,0,21.1,0.9,0.1,0,0,30.5
CAIXZV01 sp021783095,d__Bacteria;p__Chloroflexota;c__Limnocylindria;o__Limnocylindrales;f__CSP1-4;g__CAIXZV01;s__CAIXZV01 sp021783095,0,0,0,0,0,0,0,0,0,0,0
GBS-60_Mar13_bin.058,d__Bacteria;p__Acidobacteriota;c__Terriglobia;o__Bryobacterales;f__Bryobacteraceae;g__DTHT01;s__,0,0,0.3,0,0,0.1,0,0,9,0,9.4
Thermoflexus sp030550075,d__Bacteria;p__Chloroflexota;c__Anaerolineae;o__Thermoflexales;f__Thermoflexaceae;g__Thermoflexus;s__Thermoflexus sp030550075,0,0,0.1,0,0,0.1,0.1,0,0,0,0.3
Sysuimicrobium calidum,d__Bacteria;p__Sysuimicrobiota;c__Sysuimicrobiia;o__Sysuimicrobiales;f__Sysuimicrobiaceae;g__Sysuimicrobium;s__Sysuimicrobium calidum,0,0,0,0,0,0,0,0,0,0,0.1
Tepidifontimicrobium thermophilum,d__Bacteria;p__Sysuimicrobiota;c__Sysuimicrobiia;o__Sysuimicrobiales;f__Sysuimicrobiaceae;g__Tepidifontimicrobium;s__Tepidifontimicrobium thermophilum,0,0,0.3,0,0,0.1,0.1,0,0.1,0,0.5
GBS-C_Jun24_bin.072,d__Archaea;p__Thermoproteota;c__Nitrososphaeria;o__Nitrososphaerales;f__JAAOZN01;g__JAAOZN01;s__,0,5.5,1.3,0.3,0,6.8,4.4,0.2,0,0,18.7
DTUCFX13 sp021462855,d__Bacteria;p__Chloroflexota;c__Dehalococcoidia;o__DSTF01;f__JACRBR01;g__DTUCFX13;s__DTUCFX13 sp021462855,0,0,0,0,0,0,0,0,0,0,0
GBS-C_Feb24_bin.142,d__Bacteria;p__Desulfobacterota;c__Thermodesulfobacteria;o__Thermodesulfobacteriales;f__Thermodesulfobacteriaceae;g__Thermodesulfobacterium;s__,0,0.1,20.7,0,0,19.8,0.8,0,1.6,0,43.1
WS-2 sp041483195,d__Bacteria;p__Eisenbacteria;c__RBG-16-71-46;o__RBG-16-71-46;f__RBG-16-71-46;g__WS-2;s__WS-2 sp041483195,0,0,0,0,0,0,0,0,0,0,0
Allorhizobium paknamense,d__Bacteria;p__Pseudomonadota;c__Alphaproteobacteria;o__Rhizobiales;f__Rhizobiaceae;g__Allorhizobium;s__Allorhizobium paknamense,0,0,0,0,0,0,0,0,0,0,0
B23 sp937898665,d__Archaea;p__Thermoproteota;c__Bathyarchaeia;o__TCS64;f__B23;g__B23;s__B23 sp937898665,0,0,0,0,0,0,0,0,0,0,0
GBS-C_Feb24_bin.180,d__Bacteria;p__WOR-3;c__Hydrothermia;o__Hydrothermales;f__Hydrothermaceae;g__JBDRZD01;s__,0,0.2,3.4,0,0,6.3,0.5,0,0,0,10.4
Woeseia sp937925605,d__Bacteria;p__Pseudomonadota;c__Gammaproteobacteria;o__Woeseiales;f__Woeseiaceae;g__Woeseia;s__Woeseia sp937925605,0,0,0,0,0,0,0,0,0,0,0
Dietzia cinnamea_A,d__Bacteria;p__Actinomycetota;c__Actinomycetes;o__Mycobacteriales;f__Mycobacteriaceae;g__Dietzia;s__Dietzia cinnamea_A,0,0,0,0,0,0,0,0,0,0,0
Caldilinea sp016861025,d__Bacteria;p__Chloroflexota;c__Anaerolineae;o__Caldilineales;f__Caldilineaceae;g__Caldilinea;s__Caldilinea sp016861025,0,0,0,0,0,0,0,0,0,0,0
Conexibacter arvalis,d__Bacteria;p__Actinomycetota;c__Thermoleophilia;o__Solirubrobacterales;f__Solirubrobacteraceae;g__Conexibacter;s__Conexibacter arvalis,0,0,0.1,0,0,0,0,0,0,0,0.1
CTSoil-043 sp017881985,d__Bacteria;p__Chloroflexota;c__Limnocylindria;o__Limnocylindrales;f__CSP1-4;g__CTSoil-043;s__CTSoil-043 sp017881985,0,0,0,0,0,0,0,0,0,0,0
JAAFGM01 sp003696945,d__Bacteria;p__Chloroflexota;c__Anaerolineae;o__J036;f__Brachytrichaceae;g__JAAFGM01;s__JAAFGM01 sp003696945,0,0,0,0,0,0,0,0,0,0,0.1
JBDOIF01 sp041082215,d__Bacteria;p__Chloroflexota;c__Anaerolineae;o__B4-G1;f__DUEL01;g__JBDOIF01;s__JBDOIF01 sp041082215,0,0,0.1,0,0,0,0,0,0.1,0,0.2
Streptomyces sp018070565,d__Bacteria;p__Actinomycetota;c__Actinomycetes;o__Streptomycetales;f__Streptomycetaceae;g__Streptomyces;s__Streptomyces sp018070565,0,0,0,0,0,0,0,0,0,0,0
B73-G16 sp003646585,d__Bacteria;p__Desulfobacterota;c__B13-G15;o__B13-G15;f__B13-G15;g__B73-G16;s__B73-G16 sp003646585,0,0,0.1,0,0,0,0,0,0,0,0.1
Korarchaeum cryptofilum,d__Archaea;p__Korarchaeota;c__Korarchaeia;o__Korarchaeales;f__Korarchaeaceae;g__Korarchaeum;s__Korarchaeum cryptofilum,0,0,0.1,0,0,0,0,0,0,0,0.1
JAUQQI01 sp040289115,d__Bacteria;p__Chloroflexota;c__Dehalococcoidia;o__JAUQQI01;f__JAUQQI01;g__JAUQQI01;s__JAUQQI01 sp040289115,0,0,0.1,0,0,0,0,0,0,0,0.2
HRBIN15 sp037445735,d__Bacteria;p__Armatimonadota;c__Fimbriimonadia;o__Fimbriimonadales;f__GBS-DC;g__HRBIN15;s__HRBIN15 sp037445735,0,0,0.2,0,0,0,0.1,0,0.1,0,0.5
HRBIN16 sp002898895,d__Bacteria;p__Armatimonadota;c__HRBIN16;o__HRBIN16;f__HRBIN16;g__HRBIN16;s__HRBIN16 sp002898895,0,0,0,0,0,0,0,0,0.1,0,0.1
Hydrogenobacter sp037924335,d__Bacteria;p__Aquificota;c__Aquificia;o__Aquificales;f__Aquificaceae;g__Hydrogenobacter;s__Hydrogenobacter sp037924335,0,0,0,0,0,0,0,0,0,0,0
PALSA-350 sp021799945,d__Bacteria;p__Acidobacteriota;c__Terriglobia;o__Terriglobales;f__Acidobacteriaceae;g__PALSA-350;s__PALSA-350 sp021799945,0,0,0,0,0,0,0,0,0.1,0,0.2
JACKNM01 sp024234875,d__Bacteria;p__Pseudomonadota;c__Gammaproteobacteria;o__HK1;f__HK1;g__JACKNM01;s__JACKNM01 sp024234875,0,0,0,0,0,0,0,0,0,0,0
Thermosaccharophagus gerlachensis,d__Bacteria;p__Armatimonadota;c__HRBIN17;o__HRBIN17;f__DRYI01;g__Thermosaccharophagus;s__Thermosaccharophagus gerlachensis,0.2,7,30.7,0.3,0.4,83.7,5.3,1.3,0,0,128.8
Humicultor riflensis,d__Bacteria;p__Sysuimicrobiota;c__Sysuimicrobiia;o__Sysuimicrobiales;f__Humicultoraceae;g__Humicultor;s__Humicultor riflensis,0,0,0,0,0,0,0,0,0,0,0
JAAFGM01 sp937959265,d__Bacteria;p__Chloroflexota;c__Anaerolineae;o__J036;f__Brachytrichaceae;g__JAAFGM01;s__JAAFGM01 sp937959265,0,0,0,0,0,0,0,0,0,0,0
GBS-C_Feb24_bin.166,d__Archaea;p__Aenigmatarchaeota;c__Aenigmatarchaeia;o__CG10238-14;f__SCSR01;g__;s__,0,0,0.2,0,0,0.8,0.1,0,0.1,0,1.2
Solirubrobacter soli,d__Bacteria;p__Actinomycetota;c__Thermoleophilia;o__Solirubrobacterales;f__Solirubrobacteraceae;g__Solirubrobacter;s__Solirubrobacter soli,0,0,0,0,0,0,0,0,0,0,0
JACIWP01 sp938049385,d__Bacteria;p__Chloroflexota;c__Anaerolineae;o__JACIWP01;f__JACIWP01;g__JACIWP01;s__JACIWP01 sp938049385,0,0,0,0,0,0,0,0,0,0,0.1
Caldilinea sp002391565,d__Bacteria;p__Chloroflexota;c__Anaerolineae;o__Caldilineales;f__Caldilineaceae;g__Caldilinea;s__Caldilinea sp002391565,0,0,0,0,0,0,0,0,0,0,0
S140-20 sp015484715,d__Bacteria;p__Chloroflexota;c__Anaerolineae;o__S140-20;f__S140-20;g__S140-20;s__S140-20 sp015484715,0,0,0,0,0,0,0,0,0,0,0.1
Burkholderia sp017104645,d__Bacteria;p__Pseudomonadota;c__Gammaproteobacteria;o__Burkholderiales;f__Burkholderiaceae;g__Burkholderia;s__Burkholderia sp017104645,0,0,0,0,0,0,0,0.4,0,0,0.5
JANXCC01 sp041641035,d__Bacteria;p__Bipolaricaulota;c__Bipolaricaulia;o__RBG-16-55-9;f__DRXL01;g__JANXCC01;s__JANXCC01 sp041641035,0,0,0.1,0,0,0,0,0,0.1,0,0.2
JAKLKS01 sp023150535,d__Bacteria;p__Planctomycetota;c__JAJSAM01;o__JAKLKS01;f__JAKLKS01;g__JAKLKS01;s__JAKLKS01 sp023150535,0,0,0,0,0,0,0,0,0,0,0
Meiothermus sp040290005,d__Bacteria;p__Deinococcota;c__Deinococci;o__Deinococcales;f__Thermaceae;g__Meiothermus;s__Meiothermus sp040290005,0,0,0,0,0,0,0,0,0,0,0
Sysuimicrobium sp025059775,d__Bacteria;p__Sysuimicrobiota;c__Sysuimicrobiia;o__Sysuimicrobiales;f__Sysuimicrobiaceae;g__Sysuimicrobium;s__Sysuimicrobium sp025059775,0,0,0,0,0,0,0,0,0,0,0.1
UBA7803 sp040219935,d__Bacteria;p__Pseudomonadota;c__Gammaproteobacteria;o__Pseudomonadales;f__Azotimanducaceae;g__UBA7803;s__UBA7803 sp040219935,0,0,0,0,0,0,0,0,0,0,0
DTBU01 sp038870975,d__Archaea;p__Thermoproteota;c__Bathyarchaeia;o__B24;f__B24;g__DTBU01;s__DTBU01 sp038870975,0,0,0,0,0,0,0,0,0,0,0
DASTDY01 sp035710125,d__Bacteria;p__Patescibacteriota;c__Saccharimonadia;o__Saccharimonadales;f__EFPC-124;g__DASTDY01;s__DASTDY01 sp035710125,0,0,0,0,0,0,0,0,0,0,0
AR12 sp003220225,d__Bacteria;p__Methylomirabilota;c__Methylomirabilia;o__Rokubacteriales;f__CSP1-6;g__AR12;s__AR12 sp003220225,0,0,0,0,0,0,0,0,0,0,0
SpSt-77 sp034432695,d__Bacteria;p__Chloroflexota;c__Anaerolineae;o__B4-G1;f__DUEL01;g__SpSt-77;s__SpSt-77 sp034432695,0,0,0.1,0,0,0.1,0,0,0.5,0,0.7
DATLGB01 sp034664525,d__Bacteria;p__Actinomycetota;c__Thermoleophilia;o__Solirubrobacterales;f__Solirubrobacteraceae;g__DATLGB01;s__DATLGB01 sp034664525,0,0,0,0,0,0,0,0,0,0,0
JANXCC01 sp947085185,d__Bacteria;p__Bipolaricaulota;c__Bipolaricaulia;o__RBG-16-55-9;f__DRXL01;g__JANXCC01;s__JANXCC01 sp947085185,0,0,0.2,0,0,0,0.1,0,0.3,0,0.7
JdFR-47 sp002011415,d__Bacteria;p__Bipolaricaulota;c__Bipolaricaulia;o__Bipolaricaulales;f__Bipolaricaulaceae;g__JdFR-47;s__JdFR-47 sp002011415,0,0,0,0,0,0.1,0,0,0,0,0.1
SpSt-583 sp937952305,d__Bacteria;p__Chloroflexota;c__Anaerolineae;o__Anaerolineales;f__UBA6663;g__SpSt-583;s__SpSt-583 sp937952305,0,0,0,0,0,0,0,0,0,0,0
JBDHWI01 sp039810125,d__Bacteria;p__Chloroflexota;c__Anaerolineae;o__J036;f__Brachytrichaceae;g__JBDHWI01;s__JBDHWI01 sp039810125,0,0,0,0,0,0,0,0,0,0,0
SL1-B47 sp029975165,d__Bacteria;p__Bacillota;c__Negativicutes;o__Sporomusales;f__UBA7701;g__SL1-B47;s__SL1-B47 sp029975165,0,0,0,0,0,0,0,0,0,0,0
SDU3-3 sp009268125,d__Bacteria;p__Chloroflexota;c__Chloroflexia;o__Chloroflexales;f__Roseiflexaceae;g__SDU3-3;s__SDU3-3 sp009268125,0,0,0,0,0,0,0,0,0,0,0
SIAQ01 sp035656475,d__Bacteria;p__Planctomycetota;c__Planctomycetia;o__Gemmatales;f__Gemmataceae;g__SIAQ01;s__SIAQ01 sp035656475,0,0,0,0,0,0,0,0,0,0,0
GBS-85_Mar13_bin.082,d__Bacteria;p__Chloroflexota;c__Dehalococcoidia;o__JAUQQI01;f__JAUQQI01;g__JAUQQI01;s__,0,0,2.8,0,0,0.2,0.4,0,0.2,0,3.5
GBS60_3300020153_33,d__Bacteria;p__Desulfobacterota;c__DSM-4660;o__CALKZT01;f__CALKZT01;g__;s__,0,0,0,0,0,0,0,0,4.9,0,4.9
UBA11096 sp037925075,d__Bacteria;p__Aquificota;c__Aquificia;o__Aquificales;f__Aquificaceae;g__UBA11096;s__UBA11096 sp037925075,0,0,0,0,0,0,0,0,0,0,0.1
HRBIN29 sp034431815,d__Bacteria;p__Chloroflexota;c__Dehalococcoidia;o__Tepidiformales;f__Tepidiformaceae;g__HRBIN29;s__HRBIN29 sp034431815,0,0,0,0,0,0,0,0,0,0,0
Thermodesulfobacterium sp021163085,d__Bacteria;p__Desulfobacterota;c__Thermodesulfobacteria;o__Thermodesulfobacteriales;f__Thermodesulfobacteriaceae;g__Thermodesulfobacterium;s__Thermodesulfobacterium sp021163085,0,0,0.1,0,0,0,0,0,0,0,0.1
Conexibacter woesei,d__Bacteria;p__Actinomycetota;c__Thermoleophilia;o__Solirubrobacterales;f__Solirubrobacteraceae;g__Conexibacter;s__Conexibacter woesei,0,0,0,0,0,0,0,0,0,0,0.1
Escherichia coli_F,d__Bacteria;p__Pseudomonadota;c__Gammaproteobacteria;o__Enterobacterales;f__Enterobacteriaceae;g__Escherichia;s__Escherichia coli_F,0,0,0,0,0,0,0,0,0,0,0.1
Oscillochloris sp019599295,d__Bacteria;p__Chloroflexota;c__Chloroflexia;o__Chloroflexales;f__Chloroflexaceae;g__Oscillochloris;s__Oscillochloris sp019599295,0,0,0,0,0,0,0,0,0,0,0
SCQP01 sp035531375,d__Bacteria;p__Acidobacteriota;c__Terriglobia;o__Terriglobales;f__SCQP01;g__SCQP01;s__SCQP01 sp035531375,0,0,0,0,0,0,0,0,0,0,0
GBS-C_Feb24_bin.179,d__Bacteria;p__Dictyoglomota;c__Dictyoglomia;o__Dictyoglomales;f__Dictyoglomaceae;g__Dictyoglomus;s__,0,0,0.8,0,0,4,0,0,0,0,4.8
Caldilinea sp025055055,d__Bacteria;p__Chloroflexota;c__Anaerolineae;o__Caldilineales;f__Caldilineaceae;g__Caldilinea;s__Caldilinea sp025055055,0,0,0,0,0,0,0,0,0,0,0
RSA9 sp003242735,d__Bacteria;p__Gemmatimonadota;c__Gemmatimonadetes;o__Longimicrobiales;f__RSA9;g__RSA9;s__RSA9 sp003242735,0,0,0,0,0,0,0,0,0,0,0
GBS-60_Mar13_bin.011,d__Bacteria;p__Armatimonadota;c__DTGP01;o__;f__;g__;s__,0,0,0.6,0,0,0,0,0,3,0,3.6
Thermodesulfobacterium geofontis_A,d__Bacteria;p__Desulfobacterota;c__Thermodesulfobacteria;o__Thermodesulfobacteriales;f__Thermodesulfobacteriaceae;g__Thermodesulfobacterium;s__Thermodesulfobacterium geofontis_A,0,0,0.1,0,0,0.1,0,0,0,0,0.2
Kaftiobacterium sp001768125,d__Bacteria;p__Sysuimicrobiota;c__Sysuimicrobiia;o__Sysuimicrobiales;f__Kaftiobacteriaceae;g__Kaftiobacterium;s__Kaftiobacterium sp001768125,0,0,0,0,0,0,0,0,0,0,0
Hydrogenobacter thermophilus,d__Bacteria;p__Aquificota;c__Aquificia;o__Aquificales;f__Aquificaceae;g__Hydrogenobacter;s__Hydrogenobacter thermophilus,0,0,0,0,0,0,0,0,0,0,0.1
Bin94 sp028873825,d__Bacteria;p__Gemmatimonadota;c__Gemmatimonadetes;o__Longimicrobiales;f__UBA6960;g__Bin94;s__Bin94 sp028873825,0,0,0,0,0,0,0,0,0,0,0
Dietzia cinnamea,d__Bacteria;p__Actinomycetota;c__Actinomycetes;o__Mycobacteriales;f__Mycobacteriaceae;g__Dietzia;s__Dietzia cinnamea,0,0,0,0,0,0,0,0,0,0,0
SpSt-77 sp937942115,d__Bacteria;p__Chloroflexota;c__Anaerolineae;o__B4-G1;f__DUEL01;g__SpSt-77;s__SpSt-77 sp937942115,0,0,0.1,0,0,0.1,0,0,0.7,0,0.9
GBS-C_Feb24_bin.081,d__Archaea;p__Hadarchaeota;c__Hadarchaeia;o__Hadarchaeales;f__Hadarchaeaceae;g__DYTO01;s__,0,0.3,1.2,0,0,3.3,0.1,0,0,0,4.9
JABDKH01 sp041580055,d__Bacteria;p__Bacteroidota_A;c__Rhodothermia;o__Rhodothermales;f__JABDKH01;g__JABDKH01;s__JABDKH01 sp041580055,0,0,0,0,0,0,0,0,0,0,0
CAKZQI01 sp937139515,d__Bacteria;p__Armatimonadota;c__Fimbriimonadia;o__Fimbriimonadales;f__GBS-DC;g__CAKZQI01;s__CAKZQI01 sp937139515,0,0,0,0,0,0,0,0,0,0,0.1
GBS-85_Mar13_bin.012,d__Archaea;p__Thermoproteota;c__Bathyarchaeia;o__Bathyarchaeales;f__DTEX01;g__DTEX01;s__,0.2,0.5,3.3,0.3,0.3,12.3,0.9,0.5,0.1,0,18.3
Streptomyces caatingaensis,d__Bacteria;p__Actinomycetota;c__Actinomycetes;o__Streptomycetales;f__Streptomycetaceae;g__Streptomyces;s__Streptomyces caatingaensis,0,0,0,0,0,0,0,0,0,0,0
GBS60_3300020153_51,d__Archaea;p__Thermoproteota;c__Nitrososphaeria_A;o__Caldarchaeales;f__Caldarchaeaceae;g__HRBIN01;s__,0,0.1,0.6,0,0,0.4,1,0,2.3,0,4.4
JAKLKR01 sp023150565,d__Bacteria;p__Planctomycetota;c__UBA11346;o__UBA11346;f__UBA11346;g__JAKLKR01;s__JAKLKR01 sp023150565,0,0,0,0,0,0,0,0,0,0,0
RAAP-2 sp963978125,d__Bacteria;p__Actinomycetota;c__Acidimicrobiia;o__Acidimicrobiales;f__RAAP-2;g__RAAP-2;s__RAAP-2 sp963978125,0,0,0.1,0,0,0,0,0,0,0,0.1
GBS-85_Mar13_bin.033,d__Bacteria;p__Sysuimicrobiota;c__Sysuimicrobiia;o__Sysuimicrobiales;f__Sysuimicrobiaceae;g__Sysuimicrobium;s__,0,0.1,5.4,0,0,0.9,1.9,0,0.6,0,8.9
Donghicola sp964224285,d__Bacteria;p__Pseudomonadota;c__Alphaproteobacteria;o__Rhodobacterales;f__Rhodobacteraceae;g__Donghicola;s__Donghicola sp964224285,0,0,0,0,0,0,0,0,0,0,0
CALKVK01 sp937996235,d__Bacteria;p__Planctomycetota;c__JAJSAM01;o__JAKLKS01;f__JAJVHW01;g__CALKVK01;s__CALKVK01 sp937996235,0,0,0,0,0,0,0,0,0,0,0
Prescottella sp032085135,d__Bacteria;p__Actinomycetota;c__Actinomycetes;o__Mycobacteriales;f__Mycobacteriaceae;g__Prescottella;s__Prescottella sp032085135,0,0,0,0,0,0,0,0,0,0,0
JAPULR01 sp958295715,d__Bacteria;p__Chloroflexota;c__Dehalococcoidia;o__UBA3495;f__GCA-2712585;g__JAPULR01;s__JAPULR01 sp958295715,0,0,0,0,0,0,0,0,0,0,0
GBS-C_Feb24_bin.178,d__Bacteria;p__JBBIVP01;c__JBBIVP01;o__JBBIVP01;f__JBBIVP01;g__JBBIVP01;s__,0,0,8.4,0,0,14.8,0.1,0,0.1,0,23.4
CATQHD01 sp958295745,d__Bacteria;p__Actinomycetota;c__Acidimicrobiia;o__UBA5794;f__Spongiisociaceae;g__CATQHD01;s__CATQHD01 sp958295745,0,0,0,0,0,0,0,0,0,0,0
GBS-60_Mar13_bin.118,d__Bacteria;p__Spirochaetota;c__Spirochaetia;o__DTKZ01;f__DTKZ01;g__DTKZ01;s__,0,0,0,0,0,0,0,0,1.3,0,1.3
N074bin45 sp913009915,d__Bacteria;p__Gemmatimonadota;c__Gemmatimonadetes;o__Gemmatimonadales;f__GWC2-71-9;g__N074bin45;s__N074bin45 sp913009915,0,0,0.2,0,0,0,0,0,0.1,0,0.3
Sysuimicrobium tengchongense,d__Bacteria;p__Sysuimicrobiota;c__Sysuimicrobiia;o__Sysuimicrobiales;f__Sysuimicrobiaceae;g__Sysuimicrobium;s__Sysuimicrobium tengchongense,0,0,0.1,0,0,0,0.1,0,0,0,0.2
Bipolaricaulis sp011057175,d__Bacteria;p__Bipolaricaulota;c__Bipolaricaulia;o__Bipolaricaulales;f__Bipolaricaulaceae;g__Bipolaricaulis;s__Bipolaricaulis sp011057175,0,0,0.2,0,0,0.4,0,0,0,0,0.7
Arthrobacter sp023264815,d__Bacteria;p__Actinomycetota;c__Actinomycetes;o__Actinomycetales;f__Micrococcaceae;g__Arthrobacter;s__Arthrobacter sp023264815,0,0,0,0,0,0,0,0,0,0,0
DTER01 sp938083225,d__Bacteria;p__Bipolaricaulota;c__Bipolaricaulia;o__Bipolaricaulales;f__Bipolaricaulaceae;g__DTER01;s__DTER01 sp938083225,0,0.1,0.7,0,0,1.5,0.1,0,0,0,2.4
Lepagella sp947177615,d__Bacteria;p__Bacteroidota;c__Bacteroidia;o__Bacteroidales;f__Muribaculaceae;g__Lepagella;s__Lepagella sp947177615,0,0,0,0,0,0,0,0,0,0,0
Ralstonia solanacearum,d__Bacteria;p__Pseudomonadota;c__Gammaproteobacteria;o__Burkholderiales;f__Burkholderiaceae;g__Ralstonia;s__Ralstonia solanacearum,0,0,0,0,0,0,0,0,0,0,0
Thermomicrobium sp026241205,d__Bacteria;p__Chloroflexota;c__Chloroflexia;o__Thermomicrobiales;f__Thermomicrobiaceae;g__Thermomicrobium;s__Thermomicrobium sp026241205,0,0,0.1,0,0,0,0,0,0.1,0,0.2
GBS-C_Feb24_bin.062,d__Archaea;p__Thermoproteota;c__Nitrososphaeria_A;o__Caldarchaeales;f__Wolframiiraptoraceae;g__Wolframiiraptor;s__,0.6,0.3,0.1,0.2,0,2.2,0,0,0,0,3.5
DATJZG01 sp035499295,d__Bacteria;p__Myxococcota;c__Myxococcia;o__Myxococcales;f__Anaeromyxobacteraceae;g__DATJZG01;s__DATJZG01 sp035499295,0,0,0,0,0,0,0,0,0,0,0
Deinococcus sp025351205,d__Bacteria;p__Deinococcota;c__Deinococci;o__Deinococcales;f__Deinococcaceae;g__Deinococcus;s__Deinococcus sp025351205,0,0,0,0,0,0,0,0,0,0,0
Roseilinea mizusawaensis,d__Bacteria;p__Chloroflexota;c__Anaerolineae;o__J036;f__Brachytrichaceae;g__Roseilinea;s__Roseilinea mizusawaensis,0,0,0,0,0,0,0,0,0,0,0
JASGTU01 sp038251215,d__Bacteria;p__Chloroflexota;c__Anaerolineae;o__Caldilineales;f__Caldilineaceae;g__JASGTU01;s__JASGTU01 sp038251215,0,0,0,0,0,0,0,0,0,0,0
JAOPZY01 sp036495025,d__Bacteria;p__Actinomycetota;c__CADDZG01;o__JAHWKV01;f__JAOPZY01;g__JAOPZY01;s__JAOPZY01 sp036495025,0,0,0,0,0,0,0,0,0,0,0
CALXSC01 sp944392625,d__Bacteria;p__Pseudomonadota;c__Alphaproteobacteria;o__Rickettsiales;f__UBA1997;g__CALXSC01;s__CALXSC01 sp944392625,0,0,0,0,0,0,0,0,0.1,0,0.1
JAJYSQ01 sp021793495,d__Bacteria;p__Actinomycetota;c__Actinomycetes;o__JAJYSQ01;f__JAJYSQ01;g__JAJYSQ01;s__JAJYSQ01 sp021793495,0,0,0,0,0,0,0,0,0,0,0
DSFT01 sp030550205,d__Bacteria;p__WOR-3;c__Hydrothermia;o__LBFQ01;f__DSFT01;g__DSFT01;s__DSFT01 sp030550205,0,0,0,0,0,0,0.1,0,0,0,0.2
CAMLFJ01 sp035519555,d__Bacteria;p__Methylomirabilota;c__Methylomirabilia;o__Rokubacteriales;f__CSP1-6;g__CAMLFJ01;s__CAMLFJ01 sp035519555,0,0,0,0,0,0,0,0,0,0,0
CADCWG01 sp902806335,d__Bacteria;p__Chloroflexota;c__Chloroflexia;o__Thermomicrobiales;f__UBA6265;g__CADCWG01;s__CADCWG01 sp902806335,0,0,0,0,0,0,0,0,0,0,0
Sva-25 sp037385685,d__Bacteria;p__Pseudomonadota;c__Gammaproteobacteria;o__Chromatiales;f__Sedimenticolaceae;g__Sva-25;s__Sva-25 sp037385685,0,0,0,0,0,0,0,0,0,0,0
Escherichia coli,d__Bacteria;p__Pseudomonadota;c__Gammaproteobacteria;o__Enterobacterales;f__Enterobacteriaceae;g__Escherichia;s__Escherichia coli,0.1,0,0,0.1,0,0.1,0,0,0,0,0.2
Oceanithermus sp027061925,d__Bacteria;p__Deinococcota;c__Deinococci;o__Deinococcales;f__Marinithermaceae;g__Oceanithermus;s__Oceanithermus sp027061925,0,0,0,0,0,0,0,0,0,0,0
HRBIN15 sp039630445,d__Bacteria;p__Armatimonadota;c__Fimbriimonadia;o__Fimbriimonadales;f__GBS-DC;g__HRBIN15;s__HRBIN15 sp039630445,0,0,0.2,0,0,0,0.1,0,0.1,0,0.5
Roseiflexus sp034432635,d__Bacteria;p__Chloroflexota;c__Chloroflexia;o__Chloroflexales;f__Roseiflexaceae;g__Roseiflexus;s__Roseiflexus sp034432635,0,0,0,0,0,0,0,0,0.8,0,0.8
CAXQUZ01 sp964226865,d__Bacteria;p__Myxococcota;c__UBA796;o__UBA796;f__UBA2385;g__CAXQUZ01;s__CAXQUZ01 sp964226865,0,0,0,0,0,0,0,0,0,0,0.1
JAPULJ01 sp027295145,d__Bacteria;p__Pseudomonadota;c__Alphaproteobacteria;o__JAPULJ01;f__JAPULJ01;g__JAPULJ01;s__JAPULJ01 sp027295145,0,0,0,0,0,0,0,0,0,0,0
DASTWM01 sp035765855,d__Bacteria;p__Chloroflexota;c__Chloroflexia;o__Chloroflexales;f__Roseiflexaceae;g__DASTWM01;s__DASTWM01 sp035765855,0,0,0,0,0,0,0,0,0,0,0
CALIMH01 sp938028725,d__Bacteria;p__Chloroflexota;c__Anaerolineae;o__J036;f__Brachytrichaceae;g__CALIMH01;s__CALIMH01 sp938028725,0,0,0,0,0,0,0,0,0,0,0
QHBO01 sp003243965,d__Bacteria;p__Chloroflexota;c__Limnocylindria;o__QHBO01;f__QHBO01;g__QHBO01;s__QHBO01 sp003243965,0,0,0,0,0,0,0,0,0,0,0
GBS-C_Jun24_bin.056,d__Bacteria;p__Elusimicrobiota;c__Endomicrobiia;o__DTEH01;f__DTEH01;g__JANXDG01;s__,0,0.5,9.6,0,0,9.2,1.6,0,0.1,0,21
RSWP21 sp028276105,d__Bacteria;p__Patescibacteriota;c__Microgenomatia;o__UBA1406;f__GWC2-37-13;g__RSWP21;s__RSWP21 sp028276105,0,0,0,0,0,0,0,0,0.5,0,0.6
CF-120 sp005881425,d__Bacteria;p__Chloroflexota;c__Dormibacteria;o__CF-121;f__CF-121;g__CF-120;s__CF-120 sp005881425,0,0,0,0,0,0,0,0,0,0,0
Roseilinea sp937927775,d__Bacteria;p__Chloroflexota;c__Anaerolineae;o__J036;f__Brachytrichaceae;g__Roseilinea;s__Roseilinea sp937927775,0,0,0,0,0,0,0,0,0,0,0
Egibacter rhizosphaerae,d__Bacteria;p__Actinomycetota;c__Nitriliruptoria;o__Euzebyales;f__Egibacteraceae;g__Egibacter;s__Egibacter rhizosphaerae,0,0,0.1,0,0,0,0,0,0,0,0.1
CAITPF01 sp903894155,d__Bacteria;p__Pseudomonadota;c__Gammaproteobacteria;o__Burkholderiales;f__Burkholderiaceae;g__CAITPF01;s__CAITPF01 sp903894155,0,0,0,0,0,0,0,0,0,0,0
JAKLKC01 sp023150875,d__Bacteria;p__Myxococcota;c__UBA796;o__UBA9615;f__JAKLKC01;g__JAKLKC01;s__JAKLKC01 sp023150875,0,0,0,0,0,0,0,0,0,0,0
Mycobacterium sp031292695,d__Bacteria;p__Actinomycetota;c__Actinomycetes;o__Mycobacteriales;f__Mycobacteriaceae;g__Mycobacterium;s__Mycobacterium sp031292695,0,0,0,0,0,0,0,0,0,0,0
UBA12499 sp001788415,d__Bacteria;p__Methylomirabilota;c__Methylomirabilia;o__Rokubacteriales;f__CSP1-6;g__UBA12499;s__UBA12499 sp001788415,0,0,0,0,0,0,0,0,0,0,0
JAUQQI01 sp034432015,d__Bacteria;p__Chloroflexota;c__Dehalococcoidia;o__JAUQQI01;f__JAUQQI01;g__JAUQQI01;s__JAUQQI01 sp034432015,0,0,0.3,0,0,0,0.1,0,0,0,0.4
Kouleothrix aurantiaca,d__Bacteria;p__Chloroflexota;c__Chloroflexia;o__Chloroflexales;f__Roseiflexaceae;g__Kouleothrix;s__Kouleothrix aurantiaca,0,0,0,0,0,0,0,0,0,0,0
Citrobacter meridianamericanus,d__Bacteria;p__Pseudomonadota;c__Gammaproteobacteria;o__Enterobacterales;f__Enterobacteriaceae;g__Citrobacter;s__Citrobacter meridianamericanus,0,0,0,0,0,0,0,0,0,0,0
Dietzia timorensis,d__Bacteria;p__Actinomycetota;c__Actinomycetes;o__Mycobacteriales;f__Mycobacteriaceae;g__Dietzia;s__Dietzia timorensis,0,0,0,0,0,0,0,0,0,0,0
Nitrosocaldus sp025054855,d__Archaea;p__Thermoproteota;c__Nitrososphaeria;o__Nitrososphaerales;f__Nitrosocaldaceae;g__Nitrosocaldus;s__Nitrosocaldus sp025054855,0,0,0,0,0,0,0,0,0,0,0.1
JACIWG01 sp014361085,d__Archaea;p__Thermoproteota;c__Nitrososphaeria;o__JACIWG01;f__JACIWG01;g__JACIWG01;s__JACIWG01 sp014361085,0,0,0.1,0.1,0.1,0.2,0,0.3,0,0,0.8
GBS-C_Feb24_bin.139,d__Archaea;p__Thermoproteota;c__Nitrososphaeria;o__Nitrososphaerales;f__JAAOZN01;g__JAAOZN01;s__,0,2.4,0.9,0.1,0,5.1,1.4,0.1,0.1,0,10
Zestofontihabitans sp028275345,d__Bacteria;p__Zhuqueibacterota;c__Zhuqueibacteria;o__Oleimicrobiales;f__Geothermoviventaceae;g__Zestofontihabitans;s__Zestofontihabitans sp028275345,0,0,0,0,0,0,0,0,0,0,0.1
UBA3574 sp015661965,d__Bacteria;p__Bipolaricaulota;c__Bipolaricaulia;o__Bipolaricaulales;f__Bipolaricaulaceae;g__UBA3574;s__UBA3574 sp015661965,0,0,0,0,0,0.1,0,0,0,0,0.1
Kryptonium sp028276305,d__Bacteria;p__Bacteroidota_A;c__Kryptoniia;o__Kryptoniales;f__Kryptoniaceae;g__Kryptonium;s__Kryptonium sp028276305,0,0,0.6,0,0,0.7,0.3,0.1,0.1,0,1.9
Corynebacterium kefirresidentii,d__Bacteria;p__Actinomycetota;c__Actinomycetes;o__Mycobacteriales;f__Mycobacteriaceae;g__Corynebacterium;s__Corynebacterium kefirresidentii,0,0,0,0,0,0,0,0,0,0,0
SKYB132 sp025061735,d__Bacteria;p__Bipolaricaulota;c__Bipolaricaulia;o__RBG-16-55-9;f__DRXL01;g__SKYB132;s__SKYB132 sp025061735,0,0,0,0,0,0,0,0,0,0,0.1
JADFNQ01 sp913056415,d__Bacteria;p__Chloroflexota;c__Dehalococcoidia;o__SM23-28-2;f__RBG-16-64-32;g__JADFNQ01;s__JADFNQ01 sp913056415,0,0,0,0,0,0,0,0,0,0,0
JAGRNP01 sp020440705,d__Bacteria;p__Krumholzibacteriota;c__Krumholzibacteriia;o__LZORAL124-64-63;f__LZORAL124-64-63;g__JAGRNP01;s__JAGRNP01 sp020440705,0,0,0,0,0,0,0,0,0,0,0
AC-55 sp005888465,d__Bacteria;p__Actinomycetota;c__UBA4738;o__UBA4738;f__UBA4738;g__AC-55;s__AC-55 sp005888465,0,0,0,0,0,0,0,0,0,0,0
DTBI01 sp019057675,d__Archaea;p__Asgardarchaeota;c__Jordiarchaeia;o__Jordiarchaeales;f__Freyrarchaeaceae;g__DTBI01;s__DTBI01 sp019057675,0,0,0.6,0,0,0.1,0,0,0,0,0.8
Collinsella sp902479205,d__Bacteria;p__Actinomycetota;c__Coriobacteriia;o__Coriobacteriales;f__Coriobacteriaceae;g__Collinsella;s__Collinsella sp902479205,0,0,0,0,0,0,0,0,0,0,0
Rhodoferax_C sp038245855,d__Bacteria;p__Pseudomonadota;c__Gammaproteobacteria;o__Burkholderiales;f__Burkholderiaceae;g__Rhodoferax_C;s__Rhodoferax_C sp038245855,0,0,0,0,0,0,0,0,0,0,0
Staphylococcus epidermidis,d__Bacteria;p__Bacillota;c__Bacilli;o__Staphylococcales;f__Staphylococcaceae;g__Staphylococcus;s__Staphylococcus epidermidis,0,0,0,0,0,0,0,0,0,0,0.1
Hydrogenobacter sp041287335,d__Bacteria;p__Aquificota;c__Aquificia;o__Aquificales;f__Aquificaceae;g__Hydrogenobacter;s__Hydrogenobacter sp041287335,0,0,0,0,0,0,0,0,0,0,0
DTHT01 sp028275505,d__Bacteria;p__Acidobacteriota;c__Terriglobia;o__Bryobacterales;f__Bryobacteraceae;g__DTHT01;s__DTHT01 sp028275505,0,0,0.2,0,0,0.1,0,0,0.4,0,0.7
UBA12270 sp029553505,d__Bacteria;p__Planctomycetota;c__Phycisphaerae;o__SM23-33;f__SM23-33;g__UBA12270;s__UBA12270 sp029553505,0,0,0,0,0,0,0,0,0,0,0
Blautia_A sp900551075,d__Bacteria;p__Bacillota;c__Clostridia;o__Lachnospirales;f__Lachnospiraceae;g__Blautia_A;s__Blautia_A sp900551075,0.4,0,0,0.6,0,0.4,0,0,0,0,1.4
IMGbin_3300000082_15,d__Archaea;p__Thermoproteota;c__Nitrososphaeria_A;o__Caldarchaeales;f__Wolframiiraptoraceae;g__Terraquivivens;s__,0,0.5,0.9,0,0,3.9,0.4,0,0,0,5.7
Methanobinarius sp937881195,d__Archaea;p__Methanobacteriota;c__Methanobacteria;o__Methanobacteriales;f__Methanobacteriaceae;g__Methanobinarius;s__Methanobinarius sp937881195,0,0,0,0,0,0,0,0,0,0,0
JAILZL01 sp023512475,d__Bacteria;p__Desulfobacterota;c__Desulfobaccia;o__Desulfobaccales;f__0-14-0-80-60-11;g__JAILZL01;s__JAILZL01 sp023512475,0,0,0,0,0,0,0,0,0.4,0,0.4
JANLRV01 sp031361905,d__Bacteria;p__Actinomycetota;c__Thermoleophilia;o__Gaiellales;f__JALYLC01;g__JANLRV01;s__JANLRV01 sp031361905,0,0,0,0,0,0,0,0,0,0,0
CALHPI01 sp938036275,d__Bacteria;p__Patescibacteriota;c__Minisyncoccia;o__UBA6257;f__HR35;g__CALHPI01;s__CALHPI01 sp938036275,0,0,0.1,0,0,0.1,0,0,0.1,0,0.3
DSFT01 sp032249175,d__Bacteria;p__WOR-3;c__Hydrothermia;o__LBFQ01;f__DSFT01;g__DSFT01;s__DSFT01 sp032249175,0,0,0.1,0,0,0.1,0.2,0,0,0,0.4
CALZIK01 sp945787635,d__Bacteria;p__Acidobacteriota;c__Thermoanaerobaculia;o__Multivoradales;f__JAHEKO01;g__CALZIK01;s__CALZIK01 sp945787635,0,0,0,0,0,0,0,0,0,0,0
Bipolaricaulis sp937921255,d__Bacteria;p__Bipolaricaulota;c__Bipolaricaulia;o__Bipolaricaulales;f__Bipolaricaulaceae;g__Bipolaricaulis;s__Bipolaricaulis sp937921255,0,0,0.1,0,0,0.1,0,0,0,0,0.2
GBS-C_Feb24_bin.065,d__Archaea;p__Thermoproteota;c__Methanomethylicia;o__Nezhaarchaeales;f__B40-G2;g__;s__,0.1,0.4,0.1,0,0,16.3,0,0,0,0,17
RBG-16-64-43 sp035288225,d__Bacteria;p__Chloroflexota;c__Anaerolineae;o__Anaerolineales;f__RBG-16-64-43;g__RBG-16-64-43;s__RBG-16-64-43 sp035288225,0,0,0,0,0,0,0,0,0,0,0
UBA12545 sp003509545,d__Bacteria;p__Bacillota;c__Moorellia;o__Moorellales;f__Moorellaceae;g__UBA12545;s__UBA12545 sp003509545,0,0,0,0,0,0,0,0,0,0,0
UBA11096 sp039630295,d__Bacteria;p__Aquificota;c__Aquificia;o__Aquificales;f__Aquificaceae;g__UBA11096;s__UBA11096 sp039630295,0,0,0,0,0,0,0,0,0,0,0
DASSFZ01 sp035283185,d__Bacteria;p__Chloroflexota;c__Anaerolineae;o__Fen-1058;f__Fen-1058;g__DASSFZ01;s__DASSFZ01 sp035283185,0,0,0,0,0,0,0,0,0,0,0
Alkalidesulfovibrio alkalitolerans,d__Bacteria;p__Desulfobacterota_I;c__Desulfovibrionia;o__Desulfovibrionales;f__Desulfovibrionaceae;g__Alkalidesulfovibrio;s__Alkalidesulfovibrio alkalitolerans,0,0,0,0,0,0,0,0,0,0,0
Kaftiobacterium sp020028535,d__Bacteria;p__Sysuimicrobiota;c__Sysuimicrobiia;o__Sysuimicrobiales;f__Kaftiobacteriaceae;g__Kaftiobacterium;s__Kaftiobacterium sp020028535,0,0,0,0,0,0,0,0,0,0,0
Caldilinea sp937981885,d__Bacteria;p__Chloroflexota;c__Anaerolineae;o__Caldilineales;f__Caldilineaceae;g__Caldilinea;s__Caldilinea sp937981885,0,0,0,0,0,0,0,0,0,0,0
Alcanivorax profundi,d__Bacteria;p__Pseudomonadota;c__Gammaproteobacteria;o__Pseudomonadales;f__Alcanivoracaceae;g__Alcanivorax;s__Alcanivorax profundi,0,0,0,0,0,0,0,0,0,0,0
SpSt-77 sp034435815,d__Bacteria;p__Chloroflexota;c__Anaerolineae;o__B4-G1;f__DUEL01;g__SpSt-77;s__SpSt-77 sp034435815,0,0,0.1,0,0,0,0,0,0.7,0,0.8
CAUJDF01 sp963169045,d__Bacteria;p__Myxococcota;c__Bradymonadia;o__UBA7976;f__UBA1532;g__CAUJDF01;s__CAUJDF01 sp963169045,0,0,0,0,0,0,0,0,0,0,0
UBA11096 sp003696155,d__Bacteria;p__Aquificota;c__Aquificia;o__Aquificales;f__Aquificaceae;g__UBA11096;s__UBA11096 sp003696155,0,0,0,0,0,0,0,0,0,0,0
UBA6019 sp036564345,d__Bacteria;p__Chloroflexota;c__Dormibacteria;o__Dormibacterales;f__Dormibacteraceae;g__UBA6019;s__UBA6019 sp036564345,0,0,0,0,0,0,0,0,0,0,0
GBS60_3300020153_34,d__Bacteria;p__Desulfobacterota;c__Desulfobaccia;o__Desulfobaccales;f__0-14-0-80-60-11;g__JAILZL01;s__,0,0,0,0,0,0,0,0,5.6,0,5.6
UBA3574 sp002375935,d__Bacteria;p__Bipolaricaulota;c__Bipolaricaulia;o__Bipolaricaulales;f__Bipolaricaulaceae;g__UBA3574;s__UBA3574 sp002375935,0,0,0,0,0,0.1,0,0,0,0,0.2
JACAEO01 sp025057155,d__Bacteria;p__Chloroflexota;c__Chloroflexia;o__Chloroflexales;f__Chloroflexaceae;g__JACAEO01;s__JACAEO01 sp025057155,0,0,0,0,0,0,0,0,0,0,0
UBA3574 sp021129895,d__Bacteria;p__Bipolaricaulota;c__Bipolaricaulia;o__Bipolaricaulales;f__Bipolaricaulaceae;g__UBA3574;s__UBA3574 sp021129895,0,0,0,0,0,0.1,0,0,0,0,0.1
JAJDTQ01 sp958295985,d__Bacteria;p__Desulfobacterota_B;c__Binatia;o__UBA9968;f__JAJDTQ01;g__JAJDTQ01;s__JAJDTQ01 sp958295985,0,0,0,0,0,0,0,0,0,0,0
Bipolaricaulis sp014360985,d__Bacteria;p__Bipolaricaulota;c__Bipolaricaulia;o__Bipolaricaulales;f__Bipolaricaulaceae;g__Bipolaricaulis;s__Bipolaricaulis sp014360985,0,0,0.1,0,0,0.2,0,0,0,0,0.3
JANXCC01 sp025060395,d__Bacteria;p__Bipolaricaulota;c__Bipolaricaulia;o__RBG-16-55-9;f__DRXL01;g__JANXCC01;s__JANXCC01 sp025060395,0,0,0.1,0,0,0,0,0,0.1,0,0.2
Echinicola vietnamensis,d__Bacteria;p__Bacteroidota;c__Bacteroidia;o__Cytophagales;f__Cyclobacteriaceae;g__Echinicola;s__Echinicola vietnamensis,0,0,0,0,0,0,0,0,0,0,0
SpSt-77 sp937138275,d__Bacteria;p__Chloroflexota;c__Anaerolineae;o__B4-G1;f__DUEL01;g__SpSt-77;s__SpSt-77 sp937138275,0,0,0,0,0,0,0,0,0.3,0,0.3
PSRF01 sp035557535,d__Bacteria;p__Acidobacteriota;c__Blastocatellia;o__Pyrinomonadales;f__Pyrinomonadaceae;g__PSRF01;s__PSRF01 sp035557535,0,0,0,0,0,0,0,0,0,0,0
Paraburkholderia sp900996225,d__Bacteria;p__Pseudomonadota;c__Gammaproteobacteria;o__Burkholderiales;f__Burkholderiaceae;g__Paraburkholderia;s__Paraburkholderia sp900996225,0,0,0,0,0,0,0,0,0,0,0
CADCTB01 sp031370985,d__Bacteria;p__Actinomycetota;c__Acidimicrobiia;o__Acidimicrobiales;f__AC-14;g__CADCTB01;s__CADCTB01 sp031370985,0,0,0,0,0,0,0,0,0,0,0
GBS-C_Feb24_bin.159,d__Bacteria;p__Patescibacteriota;c__Minisyncoccia;o__Minisyncoccales;f__GBS-2;g__GBS-2;s__,0,0.2,1.2,0,0,2.8,0.5,0.1,0,0,4.8
WS-2 sp005893185,d__Bacteria;p__Eisenbacteria;c__RBG-16-71-46;o__RBG-16-71-46;f__RBG-16-71-46;g__WS-2;s__WS-2 sp005893185,0,0,0,0,0,0,0,0,0,0,0
SKYB61 sp026005135,d__Bacteria;p__Spirochaetota;c__Leptospiria;o__Leptospirales;f__Leptonemataceae;g__SKYB61;s__SKYB61 sp026005135,0,0,0,0,0,0,0,0,0.1,0,0.1
JAOAIV01 sp037481775,d__Archaea;p__Thermoproteota;c__Bathyarchaeia;o__Bathyarchaeales;f__Bathycorpusculaceae;g__JAOAIV01;s__JAOAIV01 sp037481775,0,0,0,0,0,0,0,0,0.7,0,0.7
GBS-C_Feb24_bin.188,d__Archaea;p__Thermoproteota;c__Nitrososphaeria_A;o__Caldarchaeales;f__Calditenuaceae;g__CALIKS01;s__,0,0.7,1.9,0.1,0,13.8,1.9,0.3,0.8,0,19.6
Geothrix sp025363715,d__Bacteria;p__Acidobacteriota;c__Holophagae;o__Holophagales;f__Holophagaceae;g__Geothrix;s__Geothrix sp025363715,0,0,0,0,0,0,0,0,0,0,0
Ralstonia syzygii,d__Bacteria;p__Pseudomonadota;c__Gammaproteobacteria;o__Burkholderiales;f__Burkholderiaceae;g__Ralstonia;s__Ralstonia syzygii,0,0,0,0,0,0,0,0,0,0,0
DSUN01 sp041320515,d__Bacteria;p__Planctomycetota;c__PUPC01;o__DSUN01;f__DSUN01;g__DSUN01;s__DSUN01 sp041320515,0,0,0,0,0,0,0,0,0,0,0
Kryptonium sp025060635,d__Bacteria;p__Bacteroidota_A;c__Kryptoniia;o__Kryptoniales;f__Kryptoniaceae;g__Kryptonium;s__Kryptonium sp025060635,0,0,0.1,0,0,0,0.1,0,0,0,0.2
Ralstonia sp039592975,d__Bacteria;p__Pseudomonadota;c__Gammaproteobacteria;o__Burkholderiales;f__Burkholderiaceae;g__Ralstonia;s__Ralstonia sp039592975,0,0,0,0,0,0,0,0,0,0,0
UBA11096 sp037925805,d__Bacteria;p__Aquificota;c__Aquificia;o__Aquificales;f__Aquificaceae;g__UBA11096;s__UBA11096 sp037925805,0,0,0,0,0,0,0,0,0,0,0
64-32 sp001508155,d__Bacteria;p__Bipolaricaulota;c__Bipolaricaulia;o__Bipolaricaulales;f__Bipolaricaulaceae;g__64-32;s__64-32 sp001508155,0,0,0.1,0,0,0.1,0,0,0,0,0.3
SZUA-1492 sp015662065,d__Bacteria;p__Chloroflexota;c__Anaerolineae;o__B4-G1;f__DUEL01;g__SZUA-1492;s__SZUA-1492 sp015662065,0,0,0,0,0,0,0,0,0,0,0.1
DRYD01 sp025059235,d__Bacteria;p__DRYD01;c__DRYD01;o__DRYD01;f__DRYD01;g__DRYD01;s__DRYD01 sp025059235,0,0,0,0,0,0,0,0,0,0,0
UBA2029 sp002332795,d__Bacteria;p__Chloroflexota;c__Anaerolineae;o__Aggregatilineales;f__Aggregatilineaceae;g__UBA2029;s__UBA2029 sp002332795,0,0,0,0,0,0,0,0,0,0,0
HRBIN16 sp040289885,d__Bacteria;p__Armatimonadota;c__HRBIN16;o__HRBIN16;f__HRBIN16;g__HRBIN16;s__HRBIN16 sp040289885,0,0,0,0,0,0,0,0,0,0,0.1
2-02-FULL-66-22 sp035505475,d__Bacteria;p__Methylomirabilota;c__Methylomirabilia;o__Methylomirabilales;f__2-02-FULL-66-22;g__2-02-FULL-66-22;s__2-02-FULL-66-22 sp035505475,0,0,0,0,0,0,0,0,0,0,0
JAFAZE01 sp019239975,d__Bacteria;p__Actinomycetota;c__Actinomycetes;o__Streptosporangiales;f__Streptosporangiaceae;g__JAFAZE01;s__JAFAZE01 sp019239975,0,0,0,0,0,0,0,0,0,0,0
ER46 sp027485815,d__Bacteria;p__Verrucomicrobiota;c__Verrucomicrobiia;o__Opitutales;f__Opitutaceae;g__ER46;s__ER46 sp027485815,0,0,0,0,0,0,0,0,0,0,0
DTER01 sp025060555,d__Bacteria;p__Bipolaricaulota;c__Bipolaricaulia;o__Bipolaricaulales;f__Bipolaricaulaceae;g__DTER01;s__DTER01 sp025060555,0,0.1,0.4,0,0,1,0.1,0,0,0,1.6
AC-51 sp005883885,d__Bacteria;p__Actinomycetota;c__UBA4738;o__UBA4738;f__HRBIN12;g__AC-51;s__AC-51 sp005883885,0,0,0,0,0,0,0,0,0,0,0
Prescottella equi_A,d__Bacteria;p__Actinomycetota;c__Actinomycetes;o__Mycobacteriales;f__Mycobacteriaceae;g__Prescottella;s__Prescottella equi_A,0,0,0,0,0,0,0,0,0,0,0
JACKDP01 sp020633435,d__Bacteria;p__Myxococcota;c__Bradymonadia;o__UBA7976;f__UBA1532;g__JACKDP01;s__JACKDP01 sp020633435,0,0,0,0,0,0,0,0,0,0,0
Rhodococcus aetherivorans,d__Bacteria;p__Actinomycetota;c__Actinomycetes;o__Mycobacteriales;f__Mycobacteriaceae;g__Rhodococcus;s__Rhodococcus aetherivorans,0,0,0,0,0,0,0,0,0,0,0
Streptomyces durbertensis,d__Bacteria;p__Actinomycetota;c__Actinomycetes;o__Streptomycetales;f__Streptomycetaceae;g__Streptomyces;s__Streptomyces durbertensis,0,0,0,0,0,0,0,0,0,0,0
Escherichia coli_E,d__Bacteria;p__Pseudomonadota;c__Gammaproteobacteria;o__Enterobacterales;f__Enterobacteriaceae;g__Escherichia;s__Escherichia coli_E,0,0,0,0,0,0,0,0,0,0,0
HRBIN16 sp013314755,d__Bacteria;p__Armatimonadota;c__HRBIN16;o__HRBIN16;f__HRBIN16;g__HRBIN16;s__HRBIN16 sp013314755,0,0,0,0,0,0,0,0,0.1,0,0.1
DATDHA01 sp035625915,d__Bacteria;p__Pseudomonadota;c__Alphaproteobacteria;o__JACZXZ01;f__JACZXZ01;g__DATDHA01;s__DATDHA01 sp035625915,0,0,0,0,0,0,0,0,0,0,0
Ralstonia pickettii_D,d__Bacteria;p__Pseudomonadota;c__Gammaproteobacteria;o__Burkholderiales;f__Burkholderiaceae;g__Ralstonia;s__Ralstonia pickettii_D,0,0,0,0,0,0,0,0,0,0,0
Streptomyces hyaluromycini,d__Bacteria;p__Actinomycetota;c__Actinomycetes;o__Streptomycetales;f__Streptomycetaceae;g__Streptomyces;s__Streptomyces hyaluromycini,0,0,0,0,0,0,0,0,0,0,0
HRBIN16 sp937132045,d__Bacteria;p__Armatimonadota;c__HRBIN16;o__HRBIN16;f__HRBIN16;g__HRBIN16;s__HRBIN16 sp937132045,0,0,0,0,0,0,0,0,0,0,0.1
JAAUUM01 sp012031565,d__Bacteria;p__Cyanobacteriota;c__Cyanobacteriia;o__Thermostichales;f__Thermostichaceae;g__JAAUUM01;s__JAAUUM01 sp012031565,0,0,0,0,0,0,0,0,0,0,0
Streptococcus mitis_DE,d__Bacteria;p__Bacillota;c__Bacilli;o__Lactobacillales;f__Streptococcaceae;g__Streptococcus;s__Streptococcus mitis_DE,0,0,0,0,0,0,0,0,0,0,0.1
RYN-111 sp025352005,d__Bacteria;p__Actinomycetota;c__Actinomycetes;o__Mycobacteriales;f__SCTD01;g__RYN-111;s__RYN-111 sp025352005,0,0,0.1,0,0,0,0,0,0,0,0.1
Kouleothrix ribensis,d__Bacteria;p__Chloroflexota;c__Chloroflexia;o__Chloroflexales;f__Roseiflexaceae;g__Kouleothrix;s__Kouleothrix ribensis,0,0,0,0,0,0,0,0,0,0,0
2-02-FULL-66-22 sp035455275,d__Bacteria;p__Methylomirabilota;c__Methylomirabilia;o__Methylomirabilales;f__2-02-FULL-66-22;g__2-02-FULL-66-22;s__2-02-FULL-66-22 sp035455275,0,0,0,0,0,0,0,0,0,0,0
AA32 sp003222275,d__Bacteria;p__Acidobacteriota;c__Vicinamibacteria;o__Fen-336;f__Fen-336;g__AA32;s__AA32 sp003222275,0,0,0,0,0,0,0,0,0,0,0
GBS-C_Feb24_bin.001,d__Archaea;p__Thermoproteota;c__Bathyarchaeia;o__Bathyarchaeales;f__Bathycorpusculaceae;g__DRVV01;s__,0,0,1.7,0,0,5.4,0.2,0,0.1,0,7.5
JANXCC01 sp037441155,d__Bacteria;p__Bipolaricaulota;c__Bipolaricaulia;o__RBG-16-55-9;f__DRXL01;g__JANXCC01;s__JANXCC01 sp037441155,0,0,0.1,0,0,0,0,0,0.2,0,0.3
JAUQQG01 sp030550015,d__Bacteria;p__Sysuimicrobiota;c__Sysuimicrobiia;o__Sysuimicrobiales;f__JAUQQG01;g__JAUQQG01;s__JAUQQG01 sp030550015,0,0,0,0,0,0,0,0,0,0,0.1
Culexarchaeum yellowstonense,d__Archaea;p__Thermoproteota;c__Methanomethylicia;o__Culexarchaeales;f__Culexarchaeaceae;g__Culexarchaeum;s__Culexarchaeum yellowstonense,0.1,0.1,0.1,0,0,0.3,0,0.1,0,0,0.8
JACAEO01 sp937918935,d__Bacteria;p__Chloroflexota;c__Chloroflexia;o__Chloroflexales;f__Chloroflexaceae;g__JACAEO01;s__JACAEO01 sp937918935,0,0,0,0,0,0,0,0,0,0,0
SKYB132 sp022683945,d__Bacteria;p__Bipolaricaulota;c__Bipolaricaulia;o__RBG-16-55-9;f__DRXL01;g__SKYB132;s__SKYB132 sp022683945,0,0,0,0,0,0,0,0,0,0,0.1
UBA3571 sp024277405,d__Bacteria;p__Bipolaricaulota;c__Bipolaricaulia;o__Bipolaricaulales;f__Bipolaricaulaceae;g__UBA3571;s__UBA3571 sp024277405,0,0,0,0,0,0.1,0,0,0,0,0.1
NAK19 sp003327455,d__Bacteria;p__Chloroflexota;c__Anaerolineae;o__Anaerolineales;f__UBA4823;g__NAK19;s__NAK19 sp003327455,0,0,0,0,0,0,0,0,0.1,0,0.1
HRBIN36 sp041640595,d__Bacteria;p__Planctomycetota;c__Planctomycetia;o__Gemmatales;f__HRBIN36;g__HRBIN36;s__HRBIN36 sp041640595,0,0,0.2,0,0,0,0,0,0.1,0,0.3
NAK19 sp937928795,d__Bacteria;p__Chloroflexota;c__Anaerolineae;o__Anaerolineales;f__UBA4823;g__NAK19;s__NAK19 sp937928795,0,0,0,0,0,0,0,0,0,0,0
SpSt-77 sp025062415,d__Bacteria;p__Chloroflexota;c__Anaerolineae;o__B4-G1;f__DUEL01;g__SpSt-77;s__SpSt-77 sp025062415,0,0,0,0,0,0,0,0,0.2,0,0.3
SbD1 sp001603845,d__Bacteria;p__Desulfobacterota;c__Syntrophobacteria;o__Syntrophobacterales;f__Syntrophobacteraceae;g__SbD1;s__SbD1 sp001603845,0,0,0,0,0,0,0,0,0,0,0
Roseiflexus sp025055265,d__Bacteria;p__Chloroflexota;c__Chloroflexia;o__Chloroflexales;f__Roseiflexaceae;g__Roseiflexus;s__Roseiflexus sp025055265,0,0,0,0,0,0,0,0,0,0,0
Caldilinea sp937928035,d__Bacteria;p__Chloroflexota;c__Anaerolineae;o__Caldilineales;f__Caldilineaceae;g__Caldilinea;s__Caldilinea sp937928035,0,0,0,0,0,0,0,0,0,0,0
GBS-C_Feb24_bin.035,d__Archaea;p__Thermoproteota;c__Methanomethylicia;o__Nezhaarchaeales;f__B40-G2;g__;s__,0.2,0.2,0,0,0,4.4,0,0,0,0,4.8
JACAEO01 sp937120965,d__Bacteria;p__Chloroflexota;c__Chloroflexia;o__Chloroflexales;f__Chloroflexaceae;g__JACAEO01;s__JACAEO01 sp937120965,0,0,0,0,0,0,0,0,0,0,0
JBBJMR01 sp037720395,d__Bacteria;p__Myxococcota;c__Polyangia;o__Polyangiales;f__Polyangiaceae;g__JBBJMR01;s__JBBJMR01 sp037720395,0,0,0,0,0,0,0,0,0,0,0
Rhodococcoides sp963517305,d__Bacteria;p__Actinomycetota;c__Actinomycetes;o__Mycobacteriales;f__Mycobacteriaceae;g__Rhodococcoides;s__Rhodococcoides sp963517305,0,0,0,0,0,0,0,0,0,0,0
JAGGAG01 sp031402225,d__Bacteria;p__Gemmatimonadota;c__Gemmatimonadetes;o__Gemmatimonadales;f__GWC2-71-9;g__JAGGAG01;s__JAGGAG01 sp031402225,0,0,0,0,0,0,0,0,0,0,0
CADDYR01 sp902810765,d__Bacteria;p__Chloroflexota;c__Chloroflexia;o__Thermobaculales;f__Thermobaculaceae;g__CADDYR01;s__CADDYR01 sp902810765,0,0,0,0,0,0,0,0,0,0,0
Desulfosoma sp037481835,d__Bacteria;p__Desulfobacterota;c__Syntrophobacteria;o__Syntrophobacterales;f__DSM-9756;g__Desulfosoma;s__Desulfosoma sp037481835,0,0,0,0,0,0,0,0,0.3,0,0.3
DSLN01 sp902812335,d__Bacteria;p__Chloroflexota;c__Anaerolineae;o__DSLN01;f__DSLN01;g__DSLN01;s__DSLN01 sp902812335,0,0,0,0,0,0,0,0,0,0,0
Faecousia sp017509485,d__Bacteria;p__Bacillota;c__Clostridia;o__Oscillospirales;f__Oscillospiraceae;g__Faecousia;s__Faecousia sp017509485,0,0,0,0,0,0,0,0,0,0,0
28-57-27 sp938004235,d__Bacteria;p__Pseudomonadota;c__Gammaproteobacteria;o__Halothiobacillales;f__Halothiobacillaceae;g__28-57-27;s__28-57-27 sp938004235,0,0,0,0,0,0,0,0,0.1,0,0.2
Mycobacterium sp903927745,d__Bacteria;p__Actinomycetota;c__Actinomycetes;o__Mycobacteriales;f__Mycobacteriaceae;g__Mycobacterium;s__Mycobacterium sp903927745,0,0,0,0,0,0,0,0,0,0,0
20CM-2-65-7 sp035943355,d__Bacteria;p__Gemmatimonadota;c__Gemmatimonadetes;o__Gemmatimonadales;f__GWC2-71-9;g__20CM-2-65-7;s__20CM-2-65-7 sp035943355,0,0,0,0,0,0,0,0,0,0,0
Thermophilibacter sp012027725,d__Bacteria;p__Actinomycetota;c__Coriobacteriia;o__Coriobacteriales;f__Atopobiaceae;g__Thermophilibacter;s__Thermophilibacter sp012027725,0,0,0,0,0,0,0,0,0,0,0
Oceanithermus sp026987375,d__Bacteria;p__Deinococcota;c__Deinococci;o__Deinococcales;f__Marinithermaceae;g__Oceanithermus;s__Oceanithermus sp026987375,0,0,0,0,0,0,0,0,0,0,0
Calescibacterium sp032249135,d__Bacteria;p__Calescibacteriota;c__Calescibacteriia;o__Calescibacteriales;f__Calescibacteriaceae;g__Calescibacterium;s__Calescibacterium sp032249135,0,0.1,0,0.1,0,0.1,0.1,0.1,0,0,0.5
Pelotomaculum thermopropionicum,d__Bacteria;p__Bacillota;c__Desulfotomaculia;o__Desulfotomaculales;f__Pelotomaculaceae;g__Pelotomaculum;s__Pelotomaculum thermopropionicum,0,0,0,0,0,0,0,0,0,0,0
S012-77 sp015487365,d__Bacteria;p__Aquificota;c__Aquificia;o__Aquificales;f__Aquificaceae;g__S012-77;s__S012-77 sp015487365,0,0,0,0,0,0,0,0,0,0,0
64-32 sp021159405,d__Bacteria;p__Bipolaricaulota;c__Bipolaricaulia;o__Bipolaricaulales;f__Bipolaricaulaceae;g__64-32;s__64-32 sp021159405,0,0,0.1,0,0,0.2,0,0,0,0,0.3
GBS-85_Mar13_bin.110,d__Bacteria;p__Actinomycetota;c__CALKMS01;o__SKW223;f__SKW223;g__JAOADC01;s__,0,0,1.8,0,0,0.6,0,0,0,0,2.4
GBS-C_Feb24_bin.122,d__Archaea;p__Thermoproteota;c__Bathyarchaeia;o__40CM-2-53-6;f__DTDX01;g__DTDX01;s__,0,0.1,1.8,0,0,2.6,0.2,0.1,0,0,4.9
Dietzia timorensis_A,d__Bacteria;p__Actinomycetota;c__Actinomycetes;o__Mycobacteriales;f__Mycobacteriaceae;g__Dietzia;s__Dietzia timorensis_A,0,0,0,0,0,0,0,0,0,0,0
Streptomyces sp000470535,d__Bacteria;p__Actinomycetota;c__Actinomycetes;o__Streptomycetales;f__Streptomycetaceae;g__Streptomyces;s__Streptomyces sp000470535,0,0,0,0,0,0,0,0,0.1,0,0.2
BPGX01 sp026414605,d__Bacteria;p__Bacteroidota;c__Bacteroidia;o__B-17B0;f__B-17BO;g__BPGX01;s__BPGX01 sp026414605,0,0,0,0,0,0,0,0,0.1,0,0.1
Gp7-AA6 sp003222385,d__Bacteria;p__Acidobacteriota;c__Thermoanaerobaculia;o__UBA5066;f__Gp7-AA6;g__Gp7-AA6;s__Gp7-AA6 sp003222385,0,0,0,0,0,0,0,0,0,0,0
Longilinea sp937863945,d__Bacteria;p__Chloroflexota;c__Anaerolineae;o__Anaerolineales;f__Anaerolineaceae;g__Longilinea;s__Longilinea sp937863945,0,0,0,0,0,0,0,0,0,0,0
Kryptonium thompsonii,d__Bacteria;p__Bacteroidota_A;c__Kryptoniia;o__Kryptoniales;f__Kryptoniaceae;g__Kryptonium;s__Kryptonium thompsonii,0,0,0,0,0,0,0,0,0,0,0.1
JAILZL01 sp037481655,d__Bacteria;p__Desulfobacterota;c__Desulfobaccia;o__Desulfobaccales;f__0-14-0-80-60-11;g__JAILZL01;s__JAILZL01 sp037481655,0,0,0,0,0,0,0,0,0,0,0
GBS-C_Feb24_bin.038,d__Archaea;p__Thermoproteota;c__EX4484-205;o__EX4484-205;f__JAAOZP01;g__JAAOZP01;s__,0,0,0.6,0,0,0.8,0.1,0,0,0,1.6
JACPQM01 sp016190505,d__Bacteria;p__Chloroflexota;c__Dehalococcoidia;o__JACPQK01;f__JACPQK01;g__JACPQM01;s__JACPQM01 sp016190505,0,0,0,0,0,0,0,0,0,0,0
Hydrogenivirga sp030950545,d__Bacteria;p__Aquificota;c__Aquificia;o__Aquificales;f__Aquificaceae;g__Hydrogenivirga;s__Hydrogenivirga sp030950545,0,0,0,0,0,0,0,0,0,0,0
LDYB01 sp040289385,d__Bacteria;p__Armatimonadota;c__Fimbriimonadia;o__Fimbriimonadales;f__GBS-DC;g__LDYB01;s__LDYB01 sp040289385,0,0,0,0,0,0,0,0,0,0,0.1
HRBIN11 sp002898535,d__Bacteria;p__Acidobacteriota;c__HRBIN11;o__HRBIN11;f__HRBIN11;g__HRBIN11;s__HRBIN11 sp002898535,0,0,0.2,0,0,0,0,0,0,0,0.2
GBS-60_Mar13_bin.146,d__Bacteria;p__Atribacterota;c__Atribacteria;o__Atribacterales;f__Caldatribacteriaceae;g__JABUEZ01;s__,0,0,0,0,0,0,0,0,1.7,0,1.7
Pseudothermotoga_A sp003510135,d__Bacteria;p__Thermotogota;c__Thermotogae;o__Thermotogales;f__DSM-5069;g__Pseudothermotoga_A;s__Pseudothermotoga_A sp003510135,0,0,0,0,0,0.1,0,0,0,0,0.2
CAG-557 sp948527295,d__Bacteria;p__Bacillota;c__Clostridia;o__Oscillospirales;f__Acutalibacteraceae;g__CAG-557;s__CAG-557 sp948527295,0,0,0,0,0,0,0,0,0,0,0
SpSt-77 sp025060135,d__Bacteria;p__Chloroflexota;c__Anaerolineae;o__B4-G1;f__DUEL01;g__SpSt-77;s__SpSt-77 sp025060135,0,0,0,0,0,0,0,0,0.4,0,0.5
JALVLL01 sp027027485,d__Bacteria;p__Bipolaricaulota;c__Bipolaricaulia;o__Bipolaricaulales;f__Bipolaricaulaceae;g__JALVLL01;s__JALVLL01 sp027027485,0,0,0.1,0,0,0.1,0,0,0,0,0.2
NAK82 sp003130875,d__Bacteria;p__Chloroflexota;c__Anaerolineae;o__4572-78;f__NAK82;g__NAK82;s__NAK82 sp003130875,0,0,0,0,0,0,0,0,0,0,0
AG-12 sp021809895,d__Bacteria;p__Chloroflexota;c__Dormibacteria;o__Aeolococcales;f__Bog-877;g__AG-12;s__AG-12 sp021809895,0,0,0,0,0,0,0,0,0,0,0
Fen-183 sp041482235,d__Bacteria;p__Acidobacteriota;c__Thermoanaerobaculia;o__UBA5066;f__UBA5066;g__Fen-183;s__Fen-183 sp041482235,0,0,0,0,0,0,0,0,0,0,0
JACIWI01 sp014361055,d__Bacteria;p__Bipolaricaulota;c__Bipolaricaulia;o__Bipolaricaulales;f__Bipolaricaulaceae;g__JACIWI01;s__JACIWI01 sp014361055,0,0,0.1,0,0,0.2,0,0,0,0,0.3
Enterenecus stercoripullorum,d__Bacteria;p__Bacillota;c__Clostridia;o__Oscillospirales;f__Oscillospiraceae;g__Enterenecus;s__Enterenecus stercoripullorum,0,0,0,0,0,0,0,0,0,0,0
GBS-60_Mar13_bin.128,d__Bacteria;p__Acidobacteriota;c__Thermoanaerobaculia;o__Thermoanaerobaculales;f__Thermoanaerobaculaceae;g__;s__,0,0,0,0,0,0,0,0,2.5,0,2.5
JACCXM01 sp937870845,d__Bacteria;p__Chloroflexota;c__Chloroflexia;o__Thermomicrobiales;f__UBA6265;g__JACCXM01;s__JACCXM01 sp937870845,0,0,0,0,0,0,0,0,0,0,0
NAK19 sp003130835,d__Bacteria;p__Chloroflexota;c__Anaerolineae;o__Anaerolineales;f__UBA4823;g__NAK19;s__NAK19 sp003130835,0,0,0,0,0,0,0,0,0,0,0
JBEPZA01 sp041640635,d__Bacteria;p__Aquificota;c__Aquificia;o__Aquificales;f__Aquificaceae;g__JBEPZA01;s__JBEPZA01 sp041640635,0,0,0,0,0,0,0,0,0,0,0
UBA2029 sp937135955,d__Bacteria;p__Chloroflexota;c__Anaerolineae;o__Aggregatilineales;f__Aggregatilineaceae;g__UBA2029;s__UBA2029 sp937135955,0,0,0,0,0,0,0,0,0,0,0
JALGTG01 sp029821495,d__Bacteria;p__Armatimonadota;c__Hebobacteria;o__Hebobacterales;f__Hebobacteraceae;g__JALGTG01;s__JALGTG01 sp029821495,0,0,0,0,0,0,0,0,0,0,0
CALJUJ01 sp937975525,d__Bacteria;p__Desulfobacterota_B;c__Binatia;o__HRBIN30;f__JAGDMS01;g__CALJUJ01;s__CALJUJ01 sp937975525,0,0,0,0,0,0,0,0,0,0,0
Nitrosocaldus tengchongensis,d__Archaea;p__Thermoproteota;c__Nitrososphaeria;o__Nitrososphaerales;f__Nitrosocaldaceae;g__Nitrosocaldus;s__Nitrosocaldus tengchongensis,0,0,0,0,0,0,0,0,0,0,0
Palsa-465 sp035499395,d__Bacteria;p__Actinomycetota;c__Thermoleophilia;o__Solirubrobacterales;f__Solirubrobacteraceae;g__Palsa-465;s__Palsa-465 sp035499395,0,0,0,0,0,0,0,0,0,0,0
JBEPZA01 sp041641075,d__Bacteria;p__Aquificota;c__Aquificia;o__Aquificales;f__Aquificaceae;g__JBEPZA01;s__JBEPZA01 sp041641075,0,0,0,0,0,0,0,0,0,0,0
WYZ-LMO6 sp038851755,d__Archaea;p__Hadarchaeota;c__Hadarchaeia;o__Hadarchaeales;f__WYZ-LMO6;g__WYZ-LMO6;s__WYZ-LMO6 sp038851755,0,0,0.1,0,0,0.2,0,0,0,0,0.4
Caldilinea sp039810225,d__Bacteria;p__Chloroflexota;c__Anaerolineae;o__Caldilineales;f__Caldilineaceae;g__Caldilinea;s__Caldilinea sp039810225,0,0,0,0,0,0,0,0,0,0,0
UBA3006 sp036804285,d__Bacteria;p__Actinomycetota;c__Acidimicrobiia;o__Acidimicrobiales;f__Ilumatobacteraceae;g__UBA3006;s__UBA3006 sp036804285,0,0,0,0,0,0,0,0,0,0,0
JALVYZ01 sp027037705,d__Bacteria;p__DYJV01;c__DYJV01;o__DYJV01;f__JALVYZ01;g__JALVYZ01;s__JALVYZ01 sp027037705,0,0,0,0,0,0,0,0,0,0,0
Rubrobacter_D sp035641035,d__Bacteria;p__Actinomycetota;c__Rubrobacteria;o__Rubrobacterales;f__Rubrobacteraceae;g__Rubrobacter_D;s__Rubrobacter_D sp035641035,0,0,0.1,0,0,0,0,0,0,0,0.1
GBS-60_Mar13_bin.136,d__Bacteria;p__Armatimonadota;c__UBA5829;o__DTJY01;f__DTJY01;g__DATKXU01;s__,0,0,0.1,0,0,0.1,0,0,1.3,0,1.4
W-Chloroflexi-9 sp020634075,d__Bacteria;p__Chloroflexota;c__Dehalococcoidia;o__UBA2979;f__UBA2979;g__W-Chloroflexi-9;s__W-Chloroflexi-9 sp020634075,0,0,0,0,0,0,0,0,0,0,0
Kryptonium kryptomonas,d__Bacteria;p__Bacteroidota_A;c__Kryptoniia;o__Kryptoniales;f__Kryptoniaceae;g__Kryptonium;s__Kryptonium kryptomonas,0,0,0.1,0,0,0.1,0.1,0,0,0,0.3
Fervidibacter antarcticus,d__Bacteria;p__Armatimonadota;c__HRBIN17;o__HRBIN17;f__HRBIN17;g__Fervidibacter;s__Fervidibacter antarcticus,0,0,0.1,0,0.1,0.1,0,0.1,0,0,0.4
AR31 sp023249095,d__Bacteria;p__Methylomirabilota;c__Methylomirabilia;o__Rokubacteriales;f__CSP1-6;g__AR31;s__AR31 sp023249095,0,0,0,0,0,0,0,0,0,0,0
SpSt-600 sp034432815,d__Bacteria;p__Chloroflexota;c__Anaerolineae;o__SpSt-600;f__SpSt-600;g__SpSt-600;s__SpSt-600 sp034432815,0,0,0.3,0,0,0.4,0,0,0,0,0.8
Bipolaricaulis sp938084715,d__Bacteria;p__Bipolaricaulota;c__Bipolaricaulia;o__Bipolaricaulales;f__Bipolaricaulaceae;g__Bipolaricaulis;s__Bipolaricaulis sp938084715,0,0,0.1,0,0,0.2,0,0,0,0,0.3
CAIWXH01 sp903916565,d__Bacteria;p__Chloroflexota;c__Chloroflexia;o__Chloroflexales;f__Chloroflexaceae;g__CAIWXH01;s__CAIWXH01 sp903916565,0,0,0,0,0,0,0,0,0,0,0
JBBRYB01 sp038238115,d__Bacteria;p__Actinomycetota;c__Actinomycetes;o__Propionibacteriales;f__Nocardioidaceae;g__JBBRYB01;s__JBBRYB01 sp038238115,0,0,0,0,0,0,0,0,0,0,0
DASTHG01 sp035500495,d__Bacteria;p__Gemmatimonadota;c__Gemmatimonadetes;o__Gemmatimonadales;f__GWC2-71-9;g__DASTHG01;s__DASTHG01 sp035500495,0,0,0,0,0,0,0,0,0,0,0
UBA3571 sp002010365,d__Bacteria;p__Bipolaricaulota;c__Bipolaricaulia;o__Bipolaricaulales;f__Bipolaricaulaceae;g__UBA3571;s__UBA3571 sp002010365,0,0,0.1,0,0,0.1,0,0,0,0,0.2
JADGCD01 sp015229165,d__Bacteria;p__Nitrospinota;c__UBA7883;o__UBA7883;f__JADGGD01;g__JADGCD01;s__JADGCD01 sp015229165,0,0,0,0,0,0,0,0,0,0,0
AC-9 sp036491125,d__Bacteria;p__Actinomycetota;c__Acidimicrobiia;o__Acidimicrobiales;f__AC-9;g__AC-9;s__AC-9 sp036491125,0,0,0,0,0,0,0,0,0,0,0
DTHT01 sp037444625,d__Bacteria;p__Acidobacteriota;c__Terriglobia;o__Bryobacterales;f__Bryobacteraceae;g__DTHT01;s__DTHT01 sp037444625,0,0,0,0,0,0,0,0,0.1,0,0.1
GBS60_3300020153_35,d__Bacteria;p__Acidobacteriota;c__Aminicenantia;o__Aminicenantales;f__CALLJL01;g__CALLJL01;s__,0,0,1.3,0,0,0.2,0,0,2.8,0,4.2
Streptomyces vietnamensis,d__Bacteria;p__Actinomycetota;c__Actinomycetes;o__Streptomycetales;f__Streptomycetaceae;g__Streptomyces;s__Streptomyces vietnamensis,0,0,0,0,0,0,0,0,0,0,0
Calditenuis sp025058175,d__Archaea;p__Thermoproteota;c__Nitrososphaeria_A;o__Caldarchaeales;f__Calditenuaceae;g__Calditenuis;s__Calditenuis sp025058175,0.2,0.1,0,0.2,0.2,0,0.1,0.1,0,0,0.9
JACPRY01 sp020028455,d__Bacteria;p__Sysuimicrobiota;c__Sysuimicrobiia;o__Sysuimicrobiales;f__Kaftiobacteriaceae;g__JACPRY01;s__JACPRY01 sp020028455,0,0,0,0,0,0,0,0,0,0,0
UBA10166 sp001799695,d__Bacteria;p__Elusimicrobiota;c__Elusimicrobia;o__UBA1565;f__UBA1565;g__UBA10166;s__UBA10166 sp001799695,0,0,0,0,0,0,0,0,0,0,0
JACAEQ01 sp013388755,d__Bacteria;p__Chloroflexota;c__Chloroflexia;o__Chloroflexales;f__Roseiflexaceae;g__JACAEQ01;s__JACAEQ01 sp013388755,0,0,0,0,0,0,0,0,0.1,0,0.1
JANXDG01 sp937928765,d__Bacteria;p__Elusimicrobiota;c__Endomicrobiia;o__DTEH01;f__DTEH01;g__JANXDG01;s__JANXDG01 sp937928765,0,0,0.1,0,0,0.1,0,0,0,0,0.2
JANXCC01 sp026414955,d__Bacteria;p__Bipolaricaulota;c__Bipolaricaulia;o__RBG-16-55-9;f__DRXL01;g__JANXCC01;s__JANXCC01 sp026414955,0,0,0.1,0,0,0,0,0,0.1,0,0.2
JANXCC01 sp938091745,d__Bacteria;p__Bipolaricaulota;c__Bipolaricaulia;o__RBG-16-55-9;f__DRXL01;g__JANXCC01;s__JANXCC01 sp938091745,0,0,0.1,0,0,0,0,0,0.2,0,0.3
HR10 sp937934295,d__Bacteria;p__Acidobacteriota;c__Blastocatellia;o__HR10;f__HR10;g__HR10;s__HR10 sp937934295,0,0,0,0,0,0,0,0,0,0,0.1
Acetobacter pasteurianus,d__Bacteria;p__Pseudomonadota;c__Alphaproteobacteria;o__Acetobacterales;f__Acetobacteraceae;g__Acetobacter;s__Acetobacter pasteurianus,0.6,0,0,0.7,0,0.5,0,0,0,0,1.7
JANXCC01 sp030550495,d__Bacteria;p__Bipolaricaulota;c__Bipolaricaulia;o__RBG-16-55-9;f__DRXL01;g__JANXCC01;s__JANXCC01 sp030550495,0,0,0.2,0,0,0,0,0,0.2,0,0.4
Fervidibacter sp041446735,d__Bacteria;p__Armatimonadota;c__HRBIN17;o__HRBIN17;f__HRBIN17;g__Fervidibacter;s__Fervidibacter sp041446735,0.1,0.4,0.5,0.2,0.3,0.3,0.5,0.6,0,0,3
JAPLGD01 sp028713635,d__Bacteria;p__Bipolaricaulota;c__Bipolaricaulia;o__UBA7950;f__UBA9294;g__JAPLGD01;s__JAPLGD01 sp028713635,0,0,0,0,0,0,0,0,0,0,0
Thermomicrobium sp938028665,d__Bacteria;p__Chloroflexota;c__Chloroflexia;o__Thermomicrobiales;f__Thermomicrobiaceae;g__Thermomicrobium;s__Thermomicrobium sp938028665,0,0,0,0,0,0,0,0,0,0,0
Streptomyces sp035048325,d__Bacteria;p__Actinomycetota;c__Actinomycetes;o__Streptomycetales;f__Streptomycetaceae;g__Streptomyces;s__Streptomyces sp035048325,0,0,0,0,0,0,0,0,0,0,0
Fervidibacter canadensis,d__Bacteria;p__Armatimonadota;c__HRBIN17;o__HRBIN17;f__HRBIN17;g__Fervidibacter;s__Fervidibacter canadensis,0.2,0.5,0.5,0.3,0.4,0.3,0.5,0.7,0,0,3.4
DUEL01 sp011192125,d__Bacteria;p__Chloroflexota;c__Anaerolineae;o__B4-G1;f__DUEL01;g__DUEL01;s__DUEL01 sp011192125,0,0,0,0,0,0,0,0,0,0,0.1
GBS-C_Feb24_bin.185,d__Bacteria;p__Patescibacteriota;c__Minisyncoccia;o__Minisyncoccales;f__GBS-2;g__GBS-2;s__,0,0.1,7,0,0,9.9,0.5,0,0.1,0,17.7
Chloroflexus sp937951745,d__Bacteria;p__Chloroflexota;c__Chloroflexia;o__Chloroflexales;f__Chloroflexaceae;g__Chloroflexus;s__Chloroflexus sp937951745,0,0,0,0,0,0,0,0,0,0,0
Hydrogenivirga sp027079305,d__Bacteria;p__Aquificota;c__Aquificia;o__Aquificales;f__Aquificaceae;g__Hydrogenivirga;s__Hydrogenivirga sp027079305,0,0,0,0,0,0,0,0,0,0,0
JAHFAO01 sp023250515,d__Bacteria;p__Desulfobacterota_B;c__Binatia;o__UBA9968;f__UBA9968;g__JAHFAO01;s__JAHFAO01 sp023250515,0,0,0,0,0,0,0,0,0,0,0
JAKAVN01 sp035500095,d__Bacteria;p__Desulfobacterota_B;c__Binatia;o__Binatales;f__Binataceae;g__JAKAVN01;s__JAKAVN01 sp035500095,0,0,0,0,0,0,0,0,0,0,0
Chloroflexus sp937129525,d__Bacteria;p__Chloroflexota;c__Chloroflexia;o__Chloroflexales;f__Chloroflexaceae;g__Chloroflexus;s__Chloroflexus sp937129525,0,0,0,0,0,0,0,0,0,0,0
CAJCBL01 sp035415285,d__Bacteria;p__Verrucomicrobiota;c__Verrucomicrobiia;o__Opitutales;f__Opitutaceae;g__CAJCBL01;s__CAJCBL01 sp035415285,0,0,0,0,0,0,0,0,0,0,0
CALKXJ01 sp938003835,d__Bacteria;p__Acidobacteriota;c__Terriglobia;o__Bryobacterales;f__Bryobacteraceae;g__CALKXJ01;s__CALKXJ01 sp938003835,0,0,0,0,0,0,0,0,0.1,0,0.1
UBA11096 sp037926125,d__Bacteria;p__Aquificota;c__Aquificia;o__Aquificales;f__Aquificaceae;g__UBA11096;s__UBA11096 sp037926125,0,0,0,0,0,0,0,0,0,0,0
Caldarchaeum sp041641305,d__Archaea;p__Thermoproteota;c__Nitrososphaeria_A;o__Caldarchaeales;f__Caldarchaeaceae;g__Caldarchaeum;s__Caldarchaeum sp041641305,0,0,0.2,0,0,0.2,0.3,0,0.1,0,0.9
Bipolaricaulis sp022838705,d__Bacteria;p__Bipolaricaulota;c__Bipolaricaulia;o__Bipolaricaulales;f__Bipolaricaulaceae;g__Bipolaricaulis;s__Bipolaricaulis sp022838705,0,0,0,0,0,0.1,0,0,0,0,0.1
Acetobacter oryzoeni,d__Bacteria;p__Pseudomonadota;c__Alphaproteobacteria;o__Acetobacterales;f__Acetobacteraceae;g__Acetobacter;s__Acetobacter oryzoeni,0.8,0,0,0.9,0,0.7,0,0,0,0,2.4
Ralstonia pickettii,d__Bacteria;p__Pseudomonadota;c__Gammaproteobacteria;o__Burkholderiales;f__Burkholderiaceae;g__Ralstonia;s__Ralstonia pickettii,0,0,0,0,0,0,0,0,0,0,0
UBA11096 sp025062075,d__Bacteria;p__Aquificota;c__Aquificia;o__Aquificales;f__Aquificaceae;g__UBA11096;s__UBA11096 sp025062075,0,0,0,0,0,0,0,0,0,0,0
DASUXU01 sp038257485,d__Bacteria;p__Gemmatimonadota;c__Gemmatimonadetes;o__Longimicrobiales;f__RSA9;g__DASUXU01;s__DASUXU01 sp038257485,0,0,0,0,0,0,0,0,0,0,0
Oryzomonas sp003151775,d__Bacteria;p__Desulfobacterota;c__Desulfuromonadia;o__Geobacterales;f__Pseudopelobacteraceae;g__Oryzomonas;s__Oryzomonas sp003151775,0,0,0,0,0,0,0,0,0,0,0
BD2-11 sp009840525,d__Bacteria;p__Gemmatimonadota;c__Gemmatimonadetes;o__Longimicrobiales;f__UBA6960;g__BD2-11;s__BD2-11 sp009840525,0,0,0,0,0,0,0,0,0,0,0
Ch130 sp013177945,d__Bacteria;p__Bacillota;c__DSM-12270;o__Thermacetogeniales;f__Thermacetogeniaceae;g__Ch130;s__Ch130 sp013177945,0,0,0,0,0,0,0,0,0,0,0
Gemmatimonas sp903900795,d__Bacteria;p__Gemmatimonadota;c__Gemmatimonadetes;o__Gemmatimonadales;f__Gemmatimonadaceae;g__Gemmatimonas;s__Gemmatimonas sp903900795,0,0,0,0,0,0,0,0,0,0,0
JAGHBG01 sp027065235,d__Bacteria;p__Thermotogota;c__Thermotogae;o__Thermotogales;f__Thermotogaceae;g__JAGHBG01;s__JAGHBG01 sp027065235,0,0,0,0,0,0,0,0,0,0,0
WFYI01 sp027014155,d__Bacteria;p__Aquificota;c__Aquificia;o__Aquificales;f__Aquificaceae;g__WFYI01;s__WFYI01 sp027014155,0,0,0,0,0,0,0,0,0,0,0
JBFILW01 sp041612005,d__Bacteria;p__Gemmatimonadota;c__Gemmatimonadetes;o__Palauibacterales;f__Palauibacteraceae;g__JBFILW01;s__JBFILW01 sp041612005,0,0,0,0,0,0,0,0,0,0,0
SpSt-600 sp034431695,d__Bacteria;p__Chloroflexota;c__Anaerolineae;o__SpSt-600;f__SpSt-600;g__SpSt-600;s__SpSt-600 sp034431695,0,0,0.3,0,0,0.3,0,0,0,0,0.6
HGW-17 sp938004375,d__Bacteria;p__Myxococcota;c__Polyangia;o__HGW-17;f__HGW-17;g__HGW-17;s__HGW-17 sp938004375,0,0,0.5,0,0,0,0,0.1,0.1,0,0.7
Collinsella sp902490365,d__Bacteria;p__Actinomycetota;c__Coriobacteriia;o__Coriobacteriales;f__Coriobacteriaceae;g__Collinsella;s__Collinsella sp902490365,0,0,0.1,0,0,0,0,0,0.1,0,0.2
Collinsella sp003479805,d__Bacteria;p__Actinomycetota;c__Coriobacteriia;o__Coriobacteriales;f__Coriobacteriaceae;g__Collinsella;s__Collinsella sp003479805,0,0,0,0,0,0,0,0,0,0,0
GBS-85_Mar13_bin.056,d__Archaea;p__Thermoproteota;c__Nitrososphaeria;o__Nitrososphaerales;f__JAAOZN01;g__JAAOZN01;s__,0,1.3,2.2,0,0,7.8,1.5,0,0.1,0,13
GBS70_3300020139_55,d__Archaea;p__Thermoproteota;c__Methanomethylicia;o__CALHIW01;f__CALHIW01;g__CALHIW01;s__,0.1,0.3,3.4,0.1,0,5,0.6,0,0,0,9.5
BD2-11 sp022822425,d__Bacteria;p__Gemmatimonadota;c__Gemmatimonadetes;o__Longimicrobiales;f__UBA6960;g__BD2-11;s__BD2-11 sp022822425,0,0,0,0,0,0,0,0,0,0,0
Foliamicus sp011523505,d__Bacteria;p__Pseudomonadota;c__Gammaproteobacteria;o__Foliamicales;f__Foliamicaceae;g__Foliamicus;s__Foliamicus sp011523505,0,0,0,0,0,0,0,0,0,0,0
Halostagnicola sp025517425,d__Archaea;p__Halobacteriota;c__Halobacteria;o__Halobacteriales;f__Natrialbaceae;g__Halostagnicola;s__Halostagnicola sp025517425,0,0,0,0,0,0,0,0,0,0,0
Caldatribacterium sp028275365,d__Bacteria;p__Atribacterota;c__Atribacteria;o__Atribacterales;f__Caldatribacteriaceae;g__Caldatribacterium;s__Caldatribacterium sp028275365,0,0,0.1,0,0,0.2,0,0,0,0,0.3
Palsa-1233 sp031367105,d__Bacteria;p__Gemmatimonadota;c__Gemmatimonadetes;o__Gemmatimonadales;f__GWC2-71-9;g__Palsa-1233;s__Palsa-1233 sp031367105,0,0,0,0,0,0,0,0,0,0,0
CALKHR01 sp937988885,d__Bacteria;p__Chloroflexota;c__Chloroflexia;o__Chloroflexales;f__Roseiflexaceae;g__CALKHR01;s__CALKHR01 sp937988885,0,0,0,0,0,0,0,0,0,0,0
JACDCA01 sp013817065,d__Bacteria;p__Acidobacteriota;c__Vicinamibacteria;o__Vicinamibacterales;f__2-12-FULL-66-21;g__JACDCA01;s__JACDCA01 sp013817065,0,0,0,0,0,0,0,0,0,0,0
JANXCC01 sp037440025,d__Bacteria;p__Bipolaricaulota;c__Bipolaricaulia;o__RBG-16-55-9;f__DRXL01;g__JANXCC01;s__JANXCC01 sp037440025,0,0,0.1,0,0,0,0,0,0.1,0,0.2
HRBIN30 sp937925685,d__Bacteria;p__Desulfobacterota_B;c__Binatia;o__HRBIN30;f__HRBIN30;g__HRBIN30;s__HRBIN30 sp937925685,0,0,0,0,0,0,0,0,0,0,0
Prescottella sp003051005,d__Bacteria;p__Actinomycetota;c__Actinomycetes;o__Mycobacteriales;f__Mycobacteriaceae;g__Prescottella;s__Prescottella sp003051005,0,0,0,0,0,0,0,0,0,0,0
JBCBTL01 sp039817845,d__Bacteria;p__Cyanobacteriota;c__Cyanobacteriia;o__Thermostichales;f__PCC-7336;g__JBCBTL01;s__JBCBTL01 sp039817845,0,0,0,0,0,0,0,0,0,0,0
CATQGZ01 sp958295685,d__Bacteria;p__Chloroflexota;c__Dehalococcoidia;o__SAR202;f__CATQGZ01;g__CATQGZ01;s__CATQGZ01 sp958295685,0,0,0,0,0,0,0,0,0,0,0
JACPQO01 sp963665775,d__Bacteria;p__Chloroflexota;c__Dehalococcoidia;o__SM23-28-2;f__RBG-16-64-32;g__JACPQO01;s__JACPQO01 sp963665775,0,0,0,0,0,0,0,0,0,0,0
JALYSX01 sp038244445,d__Bacteria;p__Vulcanimicrobiota;c__Vulcanimicrobiia;o__Vulcanimicrobiales;f__Vulcanimicrobiaceae;g__JALYSX01;s__JALYSX01 sp038244445,0,0,0,0,0,0,0,0,0,0,0
UBA11096 sp938002625,d__Bacteria;p__Aquificota;c__Aquificia;o__Aquificales;f__Aquificaceae;g__UBA11096;s__UBA11096 sp938002625,0,0,0,0,0,0,0,0,0,0,0
JAUJPG01 sp030447245,d__Bacteria;p__Chloroflexota;c__UBA6077;o__UBA6077;f__JACCZL01;g__JAUJPG01;s__JAUJPG01 sp030447245,0,0,0,0,0,0,0,0,0,0,0
UBA11740 sp036277115,d__Bacteria;p__Acidobacteriota;c__Blastocatellia;o__Pyrinomonadales;f__Pyrinomonadaceae;g__UBA11740;s__UBA11740 sp036277115,0,0,0,0,0,0,0,0,0,0,0
UBA11606 sp964196195,d__Bacteria;p__Actinomycetota;c__Acidimicrobiia;o__Acidimicrobiales;f__Aldehydirespiratoraceae;g__UBA11606;s__UBA11606 sp964196195,0,0,0,0,0,0,0,3.3,0,0,3.3
2-02-FULL-62-14 sp035632555,d__Bacteria;p__Nitrospirota;c__Nitrospiria;o__Nitrospirales;f__Nitrospiraceae;g__2-02-FULL-62-14;s__2-02-FULL-62-14 sp035632555,0,0,0,0,0,0,0,0,0,0,0
CALZGC01 sp945786985,d__Bacteria;p__CG2-30-53-67;c__CG2-30-53-67;o__CG2-30-53-67;f__CG2-30-53-67;g__CALZGC01;s__CALZGC01 sp945786985,0,0,0,0,0,0,0,0,0,0,0
JAKQWJ01 sp029562045,d__Bacteria;p__Spirochaetota;c__Spirochaetia;o__DTKZ01;f__DTKZ01;g__JAKQWJ01;s__JAKQWJ01 sp029562045,0,0,0,0,0,0,0,0,0,0,0
Aestuariivirga sp031375195,d__Bacteria;p__Pseudomonadota;c__Alphaproteobacteria;o__Rhizobiales;f__Aestuariivirgaceae;g__Aestuariivirga;s__Aestuariivirga sp031375195,0,0,0,0,0,0,0,0,0,0,0
Collinsella sp900764025,d__Bacteria;p__Actinomycetota;c__Coriobacteriia;o__Coriobacteriales;f__Coriobacteriaceae;g__Collinsella;s__Collinsella sp900764025,0,0,0.1,0,0,0,0,0,0,0,0.1
PSRF01 sp013817595,d__Bacteria;p__Acidobacteriota;c__Blastocatellia;o__Pyrinomonadales;f__Pyrinomonadaceae;g__PSRF01;s__PSRF01 sp013817595,0,0,0,0,0,0,0,0,0,0,0
Chloroflexus sp030550625,d__Bacteria;p__Chloroflexota;c__Chloroflexia;o__Chloroflexales;f__Chloroflexaceae;g__Chloroflexus;s__Chloroflexus sp030550625,0,0,0,0,0,0,0,0,0,0,0
CSP1-5 sp001443495,d__Bacteria;p__Methylomirabilota;c__Methylomirabilia;o__Methylomirabilales;f__CSP1-5;g__CSP1-5;s__CSP1-5 sp001443495,0,0,0,0,0,0,0,0,0,0,0
Moryella sp902780465,d__Bacteria;p__Bacillota;c__Clostridia;o__Lachnospirales;f__Lachnospiraceae;g__Moryella;s__Moryella sp902780465,0,0,0,0,0,0,0,0,0,0,0
HRBIN21 sp025055465,d__Bacteria;p__Bacteroidota_A;c__Kapaibacteriia;o__Kapaibacteriales;f__HRBIN21;g__HRBIN21;s__HRBIN21 sp025055465,0,0,0,0,0,0,0,0,0,0,0.1
Hydrogenivirga sp015490215,d__Bacteria;p__Aquificota;c__Aquificia;o__Aquificales;f__Aquificaceae;g__Hydrogenivirga;s__Hydrogenivirga sp015490215,0,0,0,0,0,0,0,0,0,0,0
Enterenecus sp910587205,d__Bacteria;p__Bacillota;c__Clostridia;o__Oscillospirales;f__Oscillospiraceae;g__Enterenecus;s__Enterenecus sp910587205,0,0,0,0,0,0,0,0,0,0,0
Thermodesulfovibrio sp001707915,d__Bacteria;p__Nitrospirota;c__Thermodesulfovibrionia;o__Thermodesulfovibrionales;f__Thermodesulfovibrionaceae;g__Thermodesulfovibrio;s__Thermodesulfovibrio sp001707915,0,0,0.1,0,0,0.1,0,0,4.1,0,4.4
JAMWDI01 sp035371905,d__Bacteria;p__Ratteibacteria;c__UBA8468;o__B48-G9;f__JAFGKM01;g__JAMWDI01;s__JAMWDI01 sp035371905,0,0,0.1,0,0,0.1,0,0,0.1,0,0.2
Roseiflexus sp030550675,d__Bacteria;p__Chloroflexota;c__Chloroflexia;o__Chloroflexales;f__Roseiflexaceae;g__Roseiflexus;s__Roseiflexus sp030550675,0,0,0,0,0,0,0,0,0.1,0,0.1
JAILZL01 sp937943575,d__Bacteria;p__Desulfobacterota;c__Desulfobaccia;o__Desulfobaccales;f__0-14-0-80-60-11;g__JAILZL01;s__JAILZL01 sp937943575,0,0,0,0,0,0,0,0,0,0,0
0-14-0-80-60-11 sp041648175,d__Bacteria;p__Desulfobacterota;c__Desulfobaccia;o__Desulfobaccales;f__0-14-0-80-60-11;g__0-14-0-80-60-11;s__0-14-0-80-60-11 sp041648175,0,0,0,0,0,0,0,0,0,0,0
SXWH01 sp038239865,d__Bacteria;p__Verrucomicrobiota;c__Verrucomicrobiia;o__Chthoniobacterales;f__Chthoniobacteraceae;g__SXWH01;s__SXWH01 sp038239865,0,0,0,0,0,0,0,0,0,0,0
GBS-85_Mar13_bin.066,d__Bacteria;p__JBBIVP01;c__JBBIVP01;o__JBBIVP01;f__JBBIVP01;g__JBBIVP01;s__,0,0,4.7,0,0,0.5,0.1,0,0.2,0,5.5
JBBRUG01 sp038247995,d__Bacteria;p__Chloroflexota;c__Chloroflexia;o__Chloroflexales;f__Chloroflexaceae;g__JBBRUG01;s__JBBRUG01 sp038247995,0,0,0,0,0,0,0,0,0,0,0
CALZGZ01 sp947259395,d__Bacteria;p__Pseudomonadota;c__Gammaproteobacteria;o__Arenicellales;f__JAANXG01;g__CALZGZ01;s__CALZGZ01 sp947259395,0,0,0,0,0,0,0,0,0,0,0
JAUIJE01 sp030431455,d__Bacteria;p__Myxococcota;c__UBA727;o__UBA727;f__JAUIJE01;g__JAUIJE01;s__JAUIJE01 sp030431455,0,0,0,0,0,0,0,0,0,0,0
DSFT01 sp039803085,d__Bacteria;p__WOR-3;c__Hydrothermia;o__LBFQ01;f__DSFT01;g__DSFT01;s__DSFT01 sp039803085,0,0,0.1,0,0,0,0.1,0,0,0,0.3
QWOP01 sp037147115,d__Bacteria;p__Planctomycetota;c__Planctomycetia;o__Pirellulales;f__UBA1268;g__QWOP01;s__QWOP01 sp037147115,0,0,0,0,0,0,0,0,0,0,0
UBA3571 sp013151115,d__Bacteria;p__Bipolaricaulota;c__Bipolaricaulia;o__Bipolaricaulales;f__Bipolaricaulaceae;g__UBA3571;s__UBA3571 sp013151115,0,0,0,0,0,0.1,0,0,0,0,0.1
Caldisaccharidevorator sinensis,d__Bacteria;p__Armatimonadota;c__HRBIN17;o__HRBIN17;f__HRBIN17;g__Caldisaccharidevorator;s__Caldisaccharidevorator sinensis,0,0,0,0,0,0,0,0,0,0,0
G020344215 sp020344215,d__Bacteria;p__Gemmatimonadota;c__Gemmatimonadetes;o__Palauibacterales;f__KS3-K002;g__G020344215;s__G020344215 sp020344215,0,0,0,0,0,0,0,0,0,0,0
Anthocerotibacter panamensis,d__Bacteria;p__Cyanobacteriota;c__Cyanobacteriia;o__Gloeobacterales;f__LV9;g__Anthocerotibacter;s__Anthocerotibacter panamensis,0,0,0,0,0,0,0,0,0,0,0
UBA3571 sp002011425,d__Bacteria;p__Bipolaricaulota;c__Bipolaricaulia;o__Bipolaricaulales;f__Bipolaricaulaceae;g__UBA3571;s__UBA3571 sp002011425,0,0,0,0,0,0.1,0,0,0,0,0.1
DASYXW01 sp035934405,d__Bacteria;p__Acidobacteriota;c__Terriglobia;o__UBA7540;f__UBA7540;g__DASYXW01;s__DASYXW01 sp035934405,0,0,0,0,0,0,0,0,0,0,0
DTDX01 sp018396815,d__Archaea;p__Thermoproteota;c__Bathyarchaeia;o__40CM-2-53-6;f__DTDX01;g__DTDX01;s__DTDX01 sp018396815,0,0,0,0,0.1,0,0,0.2,0,0,0.4
G020354625 sp020354625,d__Bacteria;p__Deinococcota;c__Deinococci;o__Deinococcales;f__Trueperaceae;g__G020354625;s__G020354625 sp020354625,0,0,0,0,0,0,0,0,0,0,0
S016-19 sp015486235,d__Bacteria;p__Chloroflexota;c__Anaerolineae;o__S016-19;f__S016-19;g__S016-19;s__S016-19 sp015486235,0,0,0,0,0,0,0,0,0,0,0
Chloroflexus sp036574065,d__Bacteria;p__Chloroflexota;c__Chloroflexia;o__Chloroflexales;f__Chloroflexaceae;g__Chloroflexus;s__Chloroflexus sp036574065,0,0,0,0,0,0,0,0,0,0,0
ThaumFn1,d__Archaea;p__Thermoproteota;c__Nitrososphaeria;o__Nitrososphaerales;f__UBA183;g__UBA183;s__,0,0,0,0,0,0,0,0,0,0,0
HRBIN21 sp002898295,d__Bacteria;p__Bacteroidota_A;c__Kapaibacteriia;o__Kapaibacteriales;f__HRBIN21;g__HRBIN21;s__HRBIN21 sp002898295,0,0,0.1,0,0,0,0.1,0,0,0,0.2
40CM-3-62-11 sp023248295,d__Bacteria;p__Nitrospirota;c__Nitrospiria;o__Nitrospirales;f__Nitrospiraceae;g__40CM-3-62-11;s__40CM-3-62-11 sp023248295,0,0,0,0,0,0,0,0,0,0,0
Corynebacterium singulare,d__Bacteria;p__Actinomycetota;c__Actinomycetes;o__Mycobacteriales;f__Mycobacteriaceae;g__Corynebacterium;s__Corynebacterium singulare,0,0,0,0,0,0,0,0,0,0,0
Caldipriscus sp015492295,d__Bacteria;p__WOR-3;c__Hydrothermia;o__LBFQ01;f__LBFQ01;g__Caldipriscus;s__Caldipriscus sp015492295,0,0,0,0,0,0,0,0,0,0,0.1
WVXJ01 sp011773575,d__Bacteria;p__Armatimonadota;c__Hebobacteria;o__Hebobacterales;f__WVXJ01;g__WVXJ01;s__WVXJ01 sp011773575,0,0,0,0,0,0,0,0,0,0,0
Pedobacter sp035317785,d__Bacteria;p__Bacteroidota;c__Bacteroidia;o__Sphingobacteriales;f__Sphingobacteriaceae;g__Pedobacter;s__Pedobacter sp035317785,0,0,0,0,0,0,0,0,0,0,0
Aquifex aeolicus_B,d__Bacteria;p__Aquificota;c__Aquificia;o__Aquificales;f__Aquificaceae;g__Aquifex;s__Aquifex aeolicus_B,0,0,0,0,0,0,0,0,0,0,0
UBA2207 sp035450005,d__Bacteria;p__Desulfobacterota;c__Syntrophia;o__Syntrophales;f__UBA4778;g__UBA2207;s__UBA2207 sp035450005,0,0,0,0,0,0,0,0,0,0,0
HRBIN21 sp025059875,d__Bacteria;p__Bacteroidota_A;c__Kapaibacteriia;o__Kapaibacteriales;f__HRBIN21;g__HRBIN21;s__HRBIN21 sp025059875,0,0,0,0,0,0,0,0,0,0,0.1
JACIVX01 sp014361295,d__Archaea;p__Thermoplasmatota;c__Thermoplasmata;o__Methanomassiliicoccales;f__JACIVX01;g__JACIVX01;s__JACIVX01 sp014361295,0,0,0.2,0,0,0.3,0,0,0,0,0.5
UBA3571 sp002375995,d__Bacteria;p__Bipolaricaulota;c__Bipolaricaulia;o__Bipolaricaulales;f__Bipolaricaulaceae;g__UBA3571;s__UBA3571 sp002375995,0,0,0.1,0,0,0.2,0,0,0,0,0.3
UBA1067 sp902799385,d__Bacteria;p__Verrucomicrobiota;c__Kiritimatiellia;o__RFP12;f__UBA1067;g__UBA1067;s__UBA1067 sp902799385,0,0,0,0,0,0,0,0,0,0,0
Enterocloster sp900551225,d__Bacteria;p__Bacillota;c__Clostridia;o__Lachnospirales;f__Lachnospiraceae;g__Enterocloster;s__Enterocloster sp900551225,0,0,0,0,0,0,0,0,0,0,0
S141-3 sp015490875,d__Bacteria;p__Planctomycetota;c__Planctomycetia;o__Pirellulales;f__Pirellulaceae;g__S141-3;s__S141-3 sp015490875,0,0,0,0,0,0,0,0,0,0,0
UBA11606 sp905480195,d__Bacteria;p__Actinomycetota;c__Acidimicrobiia;o__Acidimicrobiales;f__Aldehydirespiratoraceae;g__UBA11606;s__UBA11606 sp905480195,0,0,0,0,0,0,0,0,0,0,0
Anaerobaca sp001603075,d__Bacteria;p__Planctomycetota;c__Phycisphaerae;o__Sedimentisphaerales;f__Anaerobacaceae;g__Anaerobaca;s__Anaerobaca sp001603075,0,0,0,0,0,0,0,0,0,0,0
Roseiflexus sp034436075,d__Bacteria;p__Chloroflexota;c__Chloroflexia;o__Chloroflexales;f__Roseiflexaceae;g__Roseiflexus;s__Roseiflexus sp034436075,0,0,0,0,0,0,0,0,0.1,0,0.1
Rhodococcus sp023417985,d__Bacteria;p__Actinomycetota;c__Actinomycetes;o__Mycobacteriales;f__Mycobacteriaceae;g__Rhodococcus;s__Rhodococcus sp023417985,0,0,0,0,0,0,0,0,0,0,0
UBA11096 sp025056375,d__Bacteria;p__Aquificota;c__Aquificia;o__Aquificales;f__Aquificaceae;g__UBA11096;s__UBA11096 sp025056375,0,0,0,0,0,0,0,0,0,0,0
Hydrogenivirga sp013153495,d__Bacteria;p__Aquificota;c__Aquificia;o__Aquificales;f__Aquificaceae;g__Hydrogenivirga;s__Hydrogenivirga sp013153495,0,0,0,0,0,0,0,0,0,0,0
JAPXSY01 sp034003585,d__Bacteria;p__Verrucomicrobiota;c__Kiritimatiellia;o__RFP12;f__UBA1067;g__JAPXSY01;s__JAPXSY01 sp034003585,0,0,0,0,0,0,0,0,0,0,0
HR10 sp025055075,d__Bacteria;p__Acidobacteriota;c__Blastocatellia;o__HR10;f__HR10;g__HR10;s__HR10 sp025055075,0,0,0,0,0,0,0,0,0,0,0.1
Aminicenans sakinawicola,d__Bacteria;p__Acidobacteriota;c__Aminicenantia;o__Aminicenantales;f__Aminicenantaceae;g__Aminicenans;s__Aminicenans sakinawicola,0,0.1,0,0.1,0.1,0,0.1,0.1,0,0,0.5
Chloroflexus sp034431535,d__Bacteria;p__Chloroflexota;c__Chloroflexia;o__Chloroflexales;f__Chloroflexaceae;g__Chloroflexus;s__Chloroflexus sp034431535,0,0,0,0,0,0,0,0,0,0,0
JAAUQO01 sp012032775,d__Bacteria;p__Chloroflexota;c__Chloroflexia;o__Chloroflexales;f__Chloroflexaceae;g__JAAUQO01;s__JAAUQO01 sp012032775,0,0,0,0,0,0,0,0,0,0,0
Calescibacterium sp030550715,d__Bacteria;p__Calescibacteriota;c__Calescibacteriia;o__Calescibacteriales;f__Calescibacteriaceae;g__Calescibacterium;s__Calescibacterium sp030550715,0,0,0,0,0,0,0,0,0,0,0
JAAFJU01 sp031375925,d__Bacteria;p__Cyanobacteriota;c__Cyanobacteriia;o__JAAFJU01;f__JAAFJU01;g__JAAFJU01;s__JAAFJU01 sp031375925,0,0,0,0,0,0,0,0,0,0,0
BPII01 sp026004035,d__Bacteria;p__Cyanobacteriota;c__Sericytochromatia;o__UBA7694;f__JACMQJ01;g__BPII01;s__BPII01 sp026004035,0,0,0,0,0,0,0,0,0,0,0
HRBIN21 sp938084565,d__Bacteria;p__Bacteroidota_A;c__Kapaibacteriia;o__Kapaibacteriales;f__HRBIN21;g__HRBIN21;s__HRBIN21 sp938084565,0,0,0,0,0,0,0,0,0,0,0.1
GBS-85_Mar13_bin.109,d__Archaea;p__Aenigmatarchaeota;c__Aenigmatarchaeia;o__GW2011-AR5;f__JAHLMP01;g__JAHLMP01;s__,0,0,9.6,0,0,0.6,0,0,0.2,0,10.4
Nitrosocaldus schleperae,d__Archaea;p__Thermoproteota;c__Nitrososphaeria;o__Nitrososphaerales;f__Nitrosocaldaceae;g__Nitrosocaldus;s__Nitrosocaldus schleperae,0,0,0,0,0,0,0,0,0,0,0.1
CAIKZZ01 sp903908265,d__Bacteria;p__Pseudomonadota;c__Gammaproteobacteria;o__Steroidobacterales;f__Steroidobacteraceae;g__CAIKZZ01;s__CAIKZZ01 sp903908265,0,0,0,0,0,0,0,0,0,0,0
Bin5 sp026914085,d__Bacteria;p__Chloroflexota;c__Anaerolineae;o__Caldilineales;f__Caldilineaceae;g__Bin5;s__Bin5 sp026914085,0,0,0,0,0,0,0,0,0,0,0
CSSED11-154 sp003552525,d__Bacteria;p__Bacillota;c__SLMV01;o__SLMV01;f__SLMV01;g__CSSED11-154;s__CSSED11-154 sp003552525,0,0,0,0,0,0,0,0,0,0,0
Ancylomarina sp009669305,d__Bacteria;p__Bacteroidota;c__Bacteroidia;o__Bacteroidales;f__Marinifilaceae;g__Ancylomarina;s__Ancylomarina sp009669305,0,0,0,0,0,0,0,0,0,0,0
JAAUSQ01 sp012033195,d__Bacteria;p__Chloroflexota;c__Chloroflexia;o__Chloroflexales;f__Chloroflexaceae;g__JAAUSQ01;s__JAAUSQ01 sp012033195,0,0,0,0,0,0,0,0,0,0,0
Collinsella sp900545835,d__Bacteria;p__Actinomycetota;c__Coriobacteriia;o__Coriobacteriales;f__Coriobacteriaceae;g__Collinsella;s__Collinsella sp900545835,0,0,0,0,0,0,0,0,0,0,0
CAIUMM01 sp903900265,d__Bacteria;p__Myxococcota;c__UBA796;o__UBA796;f__SXON01;g__CAIUMM01;s__CAIUMM01 sp903900265,0,0,0,0,0,0,0,0,0,0,0
Pristimantibacillus vietnamensis,d__Bacteria;p__Bacillota;c__Bacilli;o__Paenibacillales;f__Paenibacillaceae;g__Pristimantibacillus;s__Pristimantibacillus vietnamensis,0,0,0,0,0,0,0,0,0,0,0
SpSt-600 sp025062375,d__Bacteria;p__Chloroflexota;c__Anaerolineae;o__SpSt-600;f__SpSt-600;g__SpSt-600;s__SpSt-600 sp025062375,0,0,0.2,0,0,0.2,0,0,0,0,0.5
JBBRIK01 sp038240465,d__Bacteria;p__Planctomycetota;c__Planctomycetia;o__Gemmatales;f__Gemmataceae;g__JBBRIK01;s__JBBRIK01 sp038240465,0,0,0,0,0,0,0,0,0,0,0
Telluricultor primus,d__Bacteria;p__Sysuimicrobiota;c__Sysuimicrobiia;o__Sysuimicrobiales;f__Kaftiobacteriaceae;g__Telluricultor;s__Telluricultor primus,0,0,0,0,0,0,0,0,0,0,0
DTHT01 sp938027685,d__Bacteria;p__Acidobacteriota;c__Terriglobia;o__Bryobacterales;f__Bryobacteraceae;g__DTHT01;s__DTHT01 sp938027685,0,0,0,0,0,0,0,0,0,0,0.1
DASRAT01 sp035638015,d__Bacteria;p__Planctomycetota;c__Planctomycetia;o__Gemmatales;f__Gemmataceae;g__DASRAT01;s__DASRAT01 sp035638015,0,0,0,0,0,0,0,0,0,0,0
Chryseobacterium vietnamense,d__Bacteria;p__Bacteroidota;c__Bacteroidia;o__Flavobacteriales;f__Weeksellaceae;g__Chryseobacterium;s__Chryseobacterium vietnamense,0,0,0,0,0,0,0,0,0,0,0
Defluviilinea sp022181005,d__Bacteria;p__Chloroflexota;c__Anaerolineae;o__Anaerolineales;f__Villigracilaceae;g__Defluviilinea;s__Defluviilinea sp022181005,0,0,0.1,0,0,0,0,0,0.1,0,0.2
DSAR01 sp034437315,d__Bacteria;p__Chloroflexota;c__Anaerolineae;o__B4-G1;f__B4-G1;g__DSAR01;s__DSAR01 sp034437315,0,0,0,0,0,0,0,0,0,0,0
Oscillochloris sp037134395,d__Bacteria;p__Chloroflexota;c__Chloroflexia;o__Chloroflexales;f__Chloroflexaceae;g__Oscillochloris;s__Oscillochloris sp037134395,0,0,0,0,0,0,0,0,0,0,0
HRBIN16 sp026003175,d__Bacteria;p__Armatimonadota;c__HRBIN16;o__HRBIN16;f__HRBIN16;g__HRBIN16;s__HRBIN16 sp026003175,0,0,0,0,0,0,0,0,0.1,0,0.1
JBCNVI01 sp039630235,d__Bacteria;p__WOR-3;c__Hydrothermia;o__Hydrothermales;f__JAJRUZ01;g__JBCNVI01;s__JBCNVI01 sp039630235,0,0,0,0,0,0,0,0,0,0,0
GCA-002728675 sp002728675,d__Bacteria;p__Pseudomonadota;c__Gammaproteobacteria;o__Pseudomonadales;f__Azotimanducaceae;g__GCA-002728675;s__GCA-002728675 sp002728675,0,0,0,0,0,0,0,0,0,0,0
HR10 sp002923315,d__Bacteria;p__Acidobacteriota;c__Blastocatellia;o__HR10;f__HR10;g__HR10;s__HR10 sp002923315,0,0,0.1,0,0,0.1,0.1,0,0,0,0.2
WVXK01 sp011773515,d__Bacteria;p__Desulfobacterota_E;c__Deferrimicrobia;o__J040;f__J040;g__WVXK01;s__WVXK01 sp011773515,0,0,0,0,0,0,0,0,0,0,0
Roseiflexus sp937935075,d__Bacteria;p__Chloroflexota;c__Chloroflexia;o__Chloroflexales;f__Roseiflexaceae;g__Roseiflexus;s__Roseiflexus sp937935075,0,0,0,0,0,0,0,0,0.1,0,0.1
JBAJNM01 sp036881865,d__Bacteria;p__Pseudomonadota;c__Alphaproteobacteria;o__JBAJNM01;f__JBAJNM01;g__JBAJNM01;s__JBAJNM01 sp036881865,0,0,0,0,0,0,0,0,0,0,0
JAPWUY01 sp028275295,d__Bacteria;p__Desulfobacterota;c__JdFR-97;o__JdFR-97;f__JdFR-97;g__JAPWUY01;s__JAPWUY01 sp028275295,0,0,0,0,0,0,0,0,0.4,0,0.5
JAMWDI01 sp023818645,d__Bacteria;p__Ratteibacteria;c__UBA8468;o__B48-G9;f__JAFGKM01;g__JAMWDI01;s__JAMWDI01 sp023818645,0,0,0,0,0,0,0,0,0,0,0.1
UA16 sp964229455,d__Bacteria;p__Bacteroidota;c__Bacteroidia;o__Flavobacteriales;f__Sanyastnellaceae;g__UA16;s__UA16 sp964229455,0,0,0,0,0,0,0,0,0,0,0
Roseiflexus castenholzii,d__Bacteria;p__Chloroflexota;c__Chloroflexia;o__Chloroflexales;f__Roseiflexaceae;g__Roseiflexus;s__Roseiflexus castenholzii,0,0,0,0,0,0,0,0,0.1,0,0.1
Bifidobacterium sp937874315,d__Bacteria;p__Actinomycetota;c__Actinomycetes;o__Actinomycetales;f__Bifidobacteriaceae;g__Bifidobacterium;s__Bifidobacterium sp937874315,0,0,0,0,0,0,0,0,0,0,0
Palsa-872 sp005880945,d__Bacteria;p__Chloroflexota;c__Dormibacteria;o__Dormibacterales;f__Dormibacteraceae;g__Palsa-872;s__Palsa-872 sp005880945,0,0,0,0,0,0,0,0,0,0,0
GBS-85_Mar13_bin.037,d__Bacteria;p__WOR-3;c__WOR-3;o__UBA2258;f__DTDR01;g__;s__,0,0.5,11.6,0,0,12,0.8,0,0,0,25.1
Zipacnadum sp937928475,d__Bacteria;p__Armatimonadota;c__Zipacnadia;o__Zipacnadales;f__Zipacnadaceae;g__Zipacnadum;s__Zipacnadum sp937928475,0,0,0,0,0,0,0,0,0,0,0
Caldatribacterium californiense,d__Bacteria;p__Atribacterota;c__Atribacteria;o__Atribacterales;f__Caldatribacteriaceae;g__Caldatribacterium;s__Caldatribacterium californiense,0,0,0.2,0,0,0.3,0,0,0,0,0.6
Chitinophaga vietnamensis,d__Bacteria;p__Bacteroidota;c__Bacteroidia;o__Chitinophagales;f__Chitinophagaceae;g__Chitinophaga;s__Chitinophaga vietnamensis,0,0,0,0,0,0,0,0,0,0,0
QQUK01 sp913009765,d__Bacteria;p__Zixibacteria;c__MSB-5A5;o__GN15;f__FEB-12;g__QQUK01;s__QQUK01 sp913009765,0,0,0.3,0,0,0,0,0.1,0.7,0,1
SZUA-185 sp022561355,d__Bacteria;p__Chloroflexota;c__Dehalococcoidia;o__DSTF01;f__RBG-16-68-14;g__SZUA-185;s__SZUA-185 sp022561355,0,0,0,0,0,0,0,0,0,0,0
Roseiflexus sp041641515,d__Bacteria;p__Chloroflexota;c__Chloroflexia;o__Chloroflexales;f__Roseiflexaceae;g__Roseiflexus;s__Roseiflexus sp041641515,0,0,0,0,0,0,0,0,0.1,0,0.1
GBS-60_Mar13_bin.121,d__Archaea;p__Micrarchaeota;c__Micrarchaeia;o__Anstonellales;f__Anstonellaceae;g__JAOAJF01;s__,0,0,0.1,0,0,0.1,0,0,1.5,0,1.7
Acidaminococcus fermentans_A,d__Bacteria;p__Bacillota;c__Negativicutes;o__Acidaminococcales;f__Acidaminococcaceae;g__Acidaminococcus;s__Acidaminococcus fermentans_A,0,0,0,0,0,0,0,0,0,0,0
JAMZMI01 sp039970095,d__Bacteria;p__Bacteroidota;c__Bacteroidia;o__Cytophagales;f__Cyclobacteriaceae;g__JAMZMI01;s__JAMZMI01 sp039970095,0,0,0,0,0,0,0,0,0,0,0
Syntrophosphaera sp012516855,d__Bacteria;p__Cloacimonadota;c__Cloacimonadia;o__Cloacimonadales;f__Cloacimonadaceae;g__Syntrophosphaera;s__Syntrophosphaera sp012516855,0,0,0,0,0,0,0,0,0,0,0
Pseudothermotoga_A sp028276125,d__Bacteria;p__Thermotogota;c__Thermotogae;o__Thermotogales;f__DSM-5069;g__Pseudothermotoga_A;s__Pseudothermotoga_A sp028276125,0,0,0,0,0,0.2,0,0,0,0,0.2
Fervidibacter japonicus,d__Bacteria;p__Armatimonadota;c__HRBIN17;o__HRBIN17;f__HRBIN17;g__Fervidibacter;s__Fervidibacter japonicus,0,0.1,0.1,0,0.1,0,0,0.1,0,0,0.4
HRBIN16 sp938027655,d__Bacteria;p__Armatimonadota;c__HRBIN16;o__HRBIN16;f__HRBIN16;g__HRBIN16;s__HRBIN16 sp938027655,0,0,0,0,0,0,0,0,0.1,0,0.1
Thermomicrobium sp002898255,d__Bacteria;p__Chloroflexota;c__Chloroflexia;o__Thermomicrobiales;f__Thermomicrobiaceae;g__Thermomicrobium;s__Thermomicrobium sp002898255,0,0,0,0,0,0,0,0,0,0,0
Chloroflexus sp034435895,d__Bacteria;p__Chloroflexota;c__Chloroflexia;o__Chloroflexales;f__Chloroflexaceae;g__Chloroflexus;s__Chloroflexus sp034435895,0,0,0,0,0,0,0,0,0,0,0
Korarchaeum sp037917625,d__Archaea;p__Korarchaeota;c__Korarchaeia;o__Korarchaeales;f__Korarchaeaceae;g__Korarchaeum;s__Korarchaeum sp037917625,0,0,0.1,0,0,0.1,0,0,0,0,0.3
JAHHHE01 sp946221495,d__Bacteria;p__Cyanobacteriota;c__Cyanobacteriia;o__Cyanobacteriales;f__Chroococcidiopsidaceae;g__JAHHHE01;s__JAHHHE01 sp946221495,0,0,0,0,0,0,0,0,0,0,0
GBS-60_Mar13_bin.120,d__Archaea;p__Thermoproteota;c__Nitrososphaeria;o__Nitrososphaerales;f__JAAOZN01;g__JAAOZN01;s__,0,0.1,0.2,0,0,1,0.1,0,1.7,0,3.2
UBA3855 sp947174625,d__Bacteria;p__Bacillota;c__Clostridia;o__Oscillospirales;f__Ruminococcaceae;g__UBA3855;s__UBA3855 sp947174625,0,0,0,0,0,0,0,0,0,0,0
VXMF01 sp028819215,d__Bacteria;p__Acidobacteriota;c__Terriglobia;o__Bryobacterales;f__UBA6623;g__VXMF01;s__VXMF01 sp028819215,0,0,0,0,0,0,0,0,0,0,0
DTU098 sp001512635,d__Bacteria;p__Bacillota;c__Desulfotomaculia;o__Desulfotomaculales;f__Pelotomaculaceae;g__DTU098;s__DTU098 sp001512635,0,0,0,0,0,0,0,0,0,0,0
JADCGN01 sp027483385,d__Bacteria;p__Pseudomonadota;c__Alphaproteobacteria;o__UBA2136;f__UBA6156;g__JADCGN01;s__JADCGN01 sp027483385,0,0,0,0,0,0,0,0,0,0,0
JAAOZN01 sp011605775,d__Archaea;p__Thermoproteota;c__Nitrososphaeria;o__Nitrososphaerales;f__JAAOZN01;g__JAAOZN01;s__JAAOZN01 sp011605775,0,0.4,0.7,0,0,3.5,0.4,0,0.2,0,5.2
JAAOZP01 sp011605725,d__Archaea;p__Thermoproteota;c__EX4484-205;o__EX4484-205;f__JAAOZP01;g__JAAOZP01;s__JAAOZP01 sp011605725,0,0,0.1,0,0,0.1,0,0,0,0,0.2
Rossellomorea vietnamensis,d__Bacteria;p__Bacillota;c__Bacilli;o__Bacillales_B;f__Bacillaceae_B;g__Rossellomorea;s__Rossellomorea vietnamensis,0,0,0,0,0,0,0,0,0,0,0
HRBIN11 sp030550225,d__Bacteria;p__Acidobacteriota;c__HRBIN11;o__HRBIN11;f__HRBIN11;g__HRBIN11;s__HRBIN11 sp030550225,0,0,0.1,0,0,0,0,0,0,0,0.1
Hydrogenivirga sp026982025,d__Bacteria;p__Aquificota;c__Aquificia;o__Aquificales;f__Aquificaceae;g__Hydrogenivirga;s__Hydrogenivirga sp026982025,0,0,0,0,0,0,0,0,0,0,0
HRBIN01 sp002898355,d__Archaea;p__Thermoproteota;c__Nitrososphaeria_A;o__Caldarchaeales;f__Caldarchaeaceae;g__HRBIN01;s__HRBIN01 sp002898355,0,0,0.1,0,0,0.1,0.1,0,0,0,0.3
Terraquivivens yellowstonensis,d__Archaea;p__Thermoproteota;c__Nitrososphaeria_A;o__Caldarchaeales;f__Wolframiiraptoraceae;g__Terraquivivens;s__Terraquivivens yellowstonensis,0,0.1,0.1,0,0,0.5,0.1,0,0,0,0.9
CALLZL01 sp937859575,d__Bacteria;p__Chloroflexota;c__Chloroflexia;o__Chloroflexales;f__Roseiflexaceae;g__CALLZL01;s__CALLZL01 sp937859575,0,0,0,0,0,0,0,0,0,0,0
JAADCS01 sp015494805,d__Bacteria;p__WOR-3;c__Hydrothermia;o__LBFQ01;f__LBFQ01;g__JAADCS01;s__JAADCS01 sp015494805,0,0,0,0,0,0,0,0,0,0,0
Caldarchaeum sp038740895,d__Archaea;p__Thermoproteota;c__Nitrososphaeria_A;o__Caldarchaeales;f__Caldarchaeaceae;g__Caldarchaeum;s__Caldarchaeum sp038740895,0,0,0.1,0,0,0.1,0.2,0,0,0,0.5
Fervidibacter sp037446235,d__Bacteria;p__Armatimonadota;c__HRBIN17;o__HRBIN17;f__HRBIN17;g__Fervidibacter;s__Fervidibacter sp037446235,0,0.1,0.1,0,0.1,0.1,0.1,0.1,0,0,0.5
CAIQCK01 sp041667205,d__Bacteria;p__Verrucomicrobiota;c__Verrucomicrobiia;o__Palsa-1439;f__CAIQCK01;g__CAIQCK01;s__CAIQCK01 sp041667205,0,0,0,0,0,0,0,0,0,0,0
UBA2270 sp013426795,d__Bacteria;p__Desulfobacterota;c__Desulfobulbia;o__Desulfobulbales;f__Desulfocapsaceae;g__UBA2270;s__UBA2270 sp013426795,0,0,0,0,0,0,0,0,0,0,0
JACIWB01 sp014361245,d__Archaea;p__Thermoplasmatota;c__E2;o__UBA202;f__JdFR-43;g__JACIWB01;s__JACIWB01 sp014361245,0,0,0.4,0,0,0.1,0,0,0,0,0.4
RUG12395 sp902778725,d__Bacteria;p__Bacillota;c__Clostridia;o__Oscillospirales;f__CAG-272;g__RUG12395;s__RUG12395 sp902778725,0,0,0,0,0,0,0,0,0,0,0
UBA11358 sp037138135,d__Bacteria;p__Verrucomicrobiota;c__Verrucomicrobiia;o__Limisphaerales;f__UBA11358;g__UBA11358;s__UBA11358 sp037138135,0,0,0,0,0,0,0,0,0,0,0
LS-NOB sp937891765,d__Bacteria;p__Nitrospinota;c__Nitrospinia;o__Nitrospinales;f__VA-1;g__LS-NOB;s__LS-NOB sp937891765,0,0,0,0,0,0,0,0,0,0,0
JBDKJU01 sp039796435,d__Bacteria;p__Pseudomonadota;c__Gammaproteobacteria;o__Burkholderiales;f__Casimicrobiaceae;g__JBDKJU01;s__JBDKJU01 sp039796435,0,0,0,0,0,0,0,0,0,0,0
JAMWDI01 sp023819545,d__Bacteria;p__Ratteibacteria;c__UBA8468;o__B48-G9;f__JAFGKM01;g__JAMWDI01;s__JAMWDI01 sp023819545,0,0,0,0,0,0,0,0,0,0,0.1
Cryptobacteroides sp900767375,d__Bacteria;p__Bacteroidota;c__Bacteroidia;o__Bacteroidales;f__UBA932;g__Cryptobacteroides;s__Cryptobacteroides sp900767375,0,0,0,0,0,0,0,0,0,0,0
Thermodesulfobacterium sp003641645,d__Bacteria;p__Desulfobacterota;c__Thermodesulfobacteria;o__Thermodesulfobacteriales;f__Thermodesulfobacteriaceae;g__Thermodesulfobacterium;s__Thermodesulfobacterium sp003641645,0,0,0,0,0,0,0,0,0,0,0.1
JACIXR01 sp014360465,d__Bacteria;p__Armatimonadota;c__JACIXR01;o__JACIXR01;f__JACIXR01;g__JACIXR01;s__JACIXR01 sp014360465,0,0,0,0,0,0,0,0,0,0,0
DTDR01 sp025060715,d__Bacteria;p__WOR-3;c__WOR-3;o__UBA2258;f__DTDR01;g__DTDR01;s__DTDR01 sp025060715,0,0,0,0,0,0,0,0,0,0,0.1
JAAYUI01 sp012517765,d__Bacteria;p__Caldisericota;c__Caldisericia;o__JAAYUI01;f__JAAYUI01;g__JAAYUI01;s__JAAYUI01 sp012517765,0,0,0,0,0,0,0,0,0,0,0
NAK82 sp036172345,d__Bacteria;p__Chloroflexota;c__Anaerolineae;o__4572-78;f__NAK82;g__NAK82;s__NAK82 sp036172345,0,0,0,0,0,0,0,0,0,0,0
JBFLVL01 sp040758495,d__Bacteria;p__Chloroflexota;c__Anaerolineae;o__Anaerolineales;f__JBFLVL01;g__JBFLVL01;s__JBFLVL01 sp040758495,0,0,0,0,0,0,0,0,0,0,0
Pauljensenia pyogenes_B,d__Bacteria;p__Actinomycetota;c__Actinomycetes;o__Actinomycetales;f__Actinomycetaceae;g__Pauljensenia;s__Pauljensenia pyogenes_B,0,0,0,0,0,0,0,0,0,0,0
Roseiflexus sp025062325,d__Bacteria;p__Chloroflexota;c__Chloroflexia;o__Chloroflexales;f__Roseiflexaceae;g__Roseiflexus;s__Roseiflexus sp025062325,0,0,0,0,0,0,0,0,0.1,0,0.1
UBA2224 sp035367355,d__Bacteria;p__Hydrogenedentota;c__Hydrogenedentia;o__Hydrogenedentales;f__SLHB01;g__UBA2224;s__UBA2224 sp035367355,0,0,0,0,0,0,0,0,0,0,0
JBBRGK01 sp036741355,d__Bacteria;p__Chloroflexota;c__Dehalococcoidia;o__CAUJGQ01;f__CAUJGQ01;g__JBBRGK01;s__JBBRGK01 sp036741355,0,0,0,0,0,0,0,0,0,0,0
Caldarchaeum sp038844785,d__Archaea;p__Thermoproteota;c__Nitrososphaeria_A;o__Caldarchaeales;f__Caldarchaeaceae;g__Caldarchaeum;s__Caldarchaeum sp038844785,0,0,0,0,0,0.1,0.1,0,0,0,0.2
JASLPR01 sp963577415,d__Bacteria;p__Chloroflexota;c__UBA11872;o__UBA11872;f__VXNJ01;g__JASLPR01;s__JASLPR01 sp963577415,0,0,0,0,0,0,0,0,0,0,0
UBA8904 sp012510495,d__Bacteria;p__Desulfobacterota;c__Syntrophia;o__Syntrophales;f__Smithellaceae;g__UBA8904;s__UBA8904 sp012510495,0,0,0,0,0,0,0,0,0,0,0
GBS-C_Feb24_bin.080,d__Archaea;p__Thermoproteota;c__Bathyarchaeia;o__B24;f__B24;g__DTBU01;s__,0,0.4,0.8,0,0,20.6,0.7,0,0,0,22.6
Thermomicrobium sp023806465,d__Bacteria;p__Chloroflexota;c__Chloroflexia;o__Thermomicrobiales;f__Thermomicrobiaceae;g__Thermomicrobium;s__Thermomicrobium sp023806465,0,0,0,0,0,0,0,0,0,0,0
SURF-27 sp903844845,d__Bacteria;p__Chloroflexota;c__Dehalococcoidia;o__Dehalococcoidales;f__UBA1222;g__SURF-27;s__SURF-27 sp903844845,0,0,0,0,0,0,0,0,0,0,0
JAVZCJ01 sp038874475,d__Archaea;p__Thermoproteota;c__Nitrososphaeria_A;o__Caldarchaeales;f__JAVZCJ01;g__JAVZCJ01;s__JAVZCJ01 sp038874475,0,0,0,0,0,0.1,0,0,0,0,0.2
2-12-FULL-53-21 sp902826595,d__Bacteria;p__Desulfobacterota_D;c__UBA1144;o__UBA2774;f__UBA2774;g__2-12-FULL-53-21;s__2-12-FULL-53-21 sp902826595,0,0,0,0,0,0,0,0,0,0,0
JAMWDI01 sp023818745,d__Bacteria;p__Ratteibacteria;c__UBA8468;o__B48-G9;f__JAFGKM01;g__JAMWDI01;s__JAMWDI01 sp023818745,0,0,0.1,0,0,0,0,0,0,0,0.1
Pedobacter sp016428855,d__Bacteria;p__Bacteroidota;c__Bacteroidia;o__Sphingobacteriales;f__Sphingobacteriaceae;g__Pedobacter;s__Pedobacter sp016428855,0,0,0,0,0,0,0,0,8,0,8
GBS-C_Feb24_bin.156,d__Archaea;p__Hadarchaeota;c__Hadarchaeia;o__Hadarchaeales;f__Hadarchaeaceae;g__DYTO01;s__,0,0,0.2,0,0,2.5,0.1,0,0,0,2.8
Collinsella aerofaciens_Q,d__Bacteria;p__Actinomycetota;c__Coriobacteriia;o__Coriobacteriales;f__Coriobacteriaceae;g__Collinsella;s__Collinsella aerofaciens_Q,0,0,0,0,0,0,0,0,0,0,0
JAFAHS01 sp030041155,d__Bacteria;p__Desulfobacterota_B;c__Binatia;o__Binatales;f__Binataceae;g__JAFAHS01;s__JAFAHS01 sp030041155,0,0,0,0,0,0,0,0,0,0,0
Geopsychrobacter sp009993495,d__Bacteria;p__Desulfobacterota;c__Desulfuromonadia;o__Desulfuromonadales;f__Geopsychrobacteraceae;g__Geopsychrobacter;s__Geopsychrobacter sp009993495,0,0,0,0,0,0,0,0,0,0,0
KatS3mg003_BPGC01.1,d__Archaea;p__Thermoproteota;c__Nitrososphaeria;o__Nitrososphaerales;f__Nitrosocaldaceae;g__Nitrosothermus;s__,0,0,0,0,0,0,0,0,0,0,0
Colwellia sp001440345,d__Bacteria;p__Pseudomonadota;c__Gammaproteobacteria;o__Enterobacterales;f__Alteromonadaceae;g__Colwellia;s__Colwellia sp001440345,0,0,0,0,0,0,0,0,0,0,0
Hadarchaeum sp038851515,d__Archaea;p__Hadarchaeota;c__Hadarchaeia;o__Hadarchaeales;f__Hadarchaeaceae;g__Hadarchaeum;s__Hadarchaeum sp038851515,0,0,0,0,0,0,0,0,0,0,0
JBFGSX01 sp041581335,d__Archaea;p__Thermoplasmatota;c__E2;o__JACPAO01;f__JAHFTW01;g__JBFGSX01;s__JBFGSX01 sp041581335,0,0,0,0,0,0,0,0,0,0,0
WYZ-LMO6 sp004347925,d__Archaea;p__Hadarchaeota;c__Hadarchaeia;o__Hadarchaeales;f__WYZ-LMO6;g__WYZ-LMO6;s__WYZ-LMO6 sp004347925,0,0,0.4,0,0,0.7,0,0,0,0,1.1
E26-bin7 sp004377365,d__Bacteria;p__Chloroflexota;c__Anaerolineae;o__E26-bin7;f__E26-bin7;g__E26-bin7;s__E26-bin7 sp004377365,0,0,0,0,0,0,0,0,0,0,0
HyVt-206 sp011041825,d__Bacteria;p__Chloroflexota;c__Anaerolineae;o__SpSt-600;f__SpSt-600;g__HyVt-206;s__HyVt-206 sp011041825,0,0,0,0,0,0,0,0,0,0,0.1
DTU098 sp002408725,d__Bacteria;p__Bacillota;c__Desulfotomaculia;o__Desulfotomaculales;f__Pelotomaculaceae;g__DTU098;s__DTU098 sp002408725,0,0,0,0,0,0,0,0,0,0,0
Sediminibacterium sp903938445,d__Bacteria;p__Bacteroidota;c__Bacteroidia;o__Chitinophagales;f__Chitinophagaceae;g__Sediminibacterium;s__Sediminibacterium sp903938445,0,0,0,0,0,0,0,0,0,0,0
Prosthecobacter sp040381795,d__Bacteria;p__Verrucomicrobiota;c__Verrucomicrobiia;o__Verrucomicrobiales;f__Verrucomicrobiaceae;g__Prosthecobacter;s__Prosthecobacter sp040381795,0,0,0,0,0,0,0,0,0,0,0
Merdousia sp905214995,d__Bacteria;p__Verrucomicrobiota;c__Verrucomicrobiia;o__Opitutales;f__Intestinicryptomonadaceae;g__Merdousia;s__Merdousia sp905214995,0,0,0,0,0,0,0,0,0,0,0
UBA1063 sp039803305,d__Bacteria;p__WOR-3;c__Hydrothermia;o__UBA1063;f__UBA1063;g__UBA1063;s__UBA1063 sp039803305,0,0,0,0,0,0,0,0,0,0,0
Gp13-AA77 sp035578005,d__Bacteria;p__Acidobacteriota;c__Terriglobia;o__UBA7540;f__UBA7540;g__Gp13-AA77;s__Gp13-AA77 sp035578005,0,0,0,0,0,0,0,0,0,0,0
Pelotomaculum_B sp041645005,d__Bacteria;p__Bacillota;c__Desulfotomaculia;o__Desulfotomaculales;f__Pelotomaculaceae;g__Pelotomaculum_B;s__Pelotomaculum_B sp041645005,0,0,0,0,0,0,0,0,0,0,0
Kryptonium sp039630395,d__Bacteria;p__Bacteroidota_A;c__Kryptoniia;o__Kryptoniales;f__Kryptoniaceae;g__Kryptonium;s__Kryptonium sp039630395,0,0,0.1,0,0,0.1,0.1,0,0,0,0.4
MGBC164599 sp910575625,d__Bacteria;p__Bacillota;c__Clostridia;o__Lachnospirales;f__Lachnospiraceae;g__MGBC164599;s__MGBC164599 sp910575625,0,0,0,0,0,0,0,0,0,0,0
Woodwardiibium sp900754535,d__Bacteria;p__Bacillota;c__Clostridia;o__Oscillospirales;f__CAG-382;g__Woodwardiibium;s__Woodwardiibium sp900754535,0,0,0,0,0,0,0,0,0,0,0
Rossellomorea vietnamensis_A,d__Bacteria;p__Bacillota;c__Bacilli;o__Bacillales_B;f__Bacillaceae_B;g__Rossellomorea;s__Rossellomorea vietnamensis_A,0,0,0,0,0,0,0,0,0,0,0
Xenorhabdus vietnamensis,d__Bacteria;p__Pseudomonadota;c__Gammaproteobacteria;o__Enterobacterales;f__Enterobacteriaceae;g__Xenorhabdus;s__Xenorhabdus vietnamensis,0,0,0,0,0,0,0,0,0,0,0
Geocrenenecus arthurdayi,d__Archaea;p__Thermoproteota;c__Nitrososphaeria_A;o__Caldarchaeales;f__Wolframiiraptoraceae;g__Geocrenenecus;s__Geocrenenecus arthurdayi,0,1,0.1,0.1,0,2.4,0.3,0,0,0,4.1
Rossellomorea vietnamensis_B,d__Bacteria;p__Bacillota;c__Bacilli;o__Bacillales_B;f__Bacillaceae_B;g__Rossellomorea;s__Rossellomorea vietnamensis_B,0,0,0,0,0,0,0,0,0,0,0
Dictyoglomus sp028276205,d__Bacteria;p__Dictyoglomota;c__Dictyoglomia;o__Dictyoglomales;f__Dictyoglomaceae;g__Dictyoglomus;s__Dictyoglomus sp028276205,0,0,0,0,0,0,0,0,0,0,0.1
QXXE01 sp947575935,d__Bacteria;p__Bacillota;c__Clostridia;o__Oscillospirales;f__Butyricicoccaceae;g__QXXE01;s__QXXE01 sp947575935,0,0,0,0,0,0,0,0,0,0,0
HR10 sp030550025,d__Bacteria;p__Acidobacteriota;c__Blastocatellia;o__HR10;f__HR10;g__HR10;s__HR10 sp030550025,0,0,0,0,0,0,0,0,0,0,0.1
RAAP-2 sp036769405,d__Bacteria;p__Actinomycetota;c__Acidimicrobiia;o__Acidimicrobiales;f__RAAP-2;g__RAAP-2;s__RAAP-2 sp036769405,0,0,0,0,0,0,0,0,0,0,0
Campylobacter_D jejuni_B,d__Bacteria;p__Campylobacterota;c__Campylobacteria;o__Campylobacterales;f__Campylobacteraceae;g__Campylobacter_D;s__Campylobacter_D jejuni_B,0,0,0,0,0,0,0,0,0,0,0
Hydrogenivirga sp026981975,d__Bacteria;p__Aquificota;c__Aquificia;o__Aquificales;f__Aquificaceae;g__Hydrogenivirga;s__Hydrogenivirga sp026981975,0,0,0,0,0,0,0,0,0,0,0.1
SZUA-232 sp937900165,d__Bacteria;p__Actinomycetota;c__Acidimicrobiia;o__UBA5794;f__Spongiisociaceae;g__SZUA-232;s__SZUA-232 sp937900165,0,0,0.2,0,0,0,0,0,0.1,0,0.3
UBA1062 sp018433085,d__Bacteria;p__Desulfobacterota;c__Desulfomonilia;o__UBA1062;f__UBA1062;g__UBA1062;s__UBA1062 sp018433085,0,0,0,0,0,0,0,0,0,0,0
Caldarchaeum sp038890155,d__Archaea;p__Thermoproteota;c__Nitrososphaeria_A;o__Caldarchaeales;f__Caldarchaeaceae;g__Caldarchaeum;s__Caldarchaeum sp038890155,0,0,0.1,0,0,0.1,0.1,0,0.1,0,0.4
UBA11549 sp017539865,d__Bacteria;p__Pseudomonadota;c__Alphaproteobacteria;o__RF32;f__CAG-977;g__UBA11549;s__UBA11549 sp017539865,0,0,0,0,0,0,0,0,0.1,0,0.1
BRH-c8a sp000961575,d__Bacteria;p__Bacillota;c__Desulfotomaculia;o__Desulfotomaculales;f__Desulfallaceae;g__BRH-c8a;s__BRH-c8a sp000961575,0,0,0,0,0,0,0,0,0,0,0
GBS-C_Feb24_bin.143,d__Archaea;p__Thermoproteota;c__Nitrososphaeria;o__JACIWG01;f__JACIWG01;g__JACIWG01;s__,0,0,1.2,0,0,5.3,0.2,0,0.2,0,7
Xiamenia sp910577495,d__Bacteria;p__Actinomycetota;c__Coriobacteriia;o__Coriobacteriales;f__Eggerthellaceae;g__Xiamenia;s__Xiamenia sp910577495,0,0,0,0,0,0,0,0,0,0,0
JAMWDI01 sp023818785,d__Bacteria;p__Ratteibacteria;c__UBA8468;o__B48-G9;f__JAFGKM01;g__JAMWDI01;s__JAMWDI01 sp023818785,0,0,0.1,0,0,0,0,0,0,0,0.1
WYZ-LMO10 sp004347955,d__Archaea;p__Thermoproteota;c__Methanomethylicia;o__Methanomethylicales;f__Methanomethylicaceae;g__WYZ-LMO10;s__WYZ-LMO10 sp004347955,0,0,0.1,0,0,0.1,0,0,0.2,0,0.4
JBDRZD01 sp039803745,d__Bacteria;p__WOR-3;c__Hydrothermia;o__Hydrothermales;f__Hydrothermaceae;g__JBDRZD01;s__JBDRZD01 sp039803745,0,0,0.2,0,0,0.2,0,0,0,0,0.5
Hydrogenobacter sp023255875,d__Bacteria;p__Aquificota;c__Aquificia;o__Aquificales;f__Aquificaceae;g__Hydrogenobacter;s__Hydrogenobacter sp023255875,0,0,0,0,0,0,0,0,0,0,0
CALHIW01 sp038845975,d__Archaea;p__Thermoproteota;c__Methanomethylicia;o__CALHIW01;f__CALHIW01;g__CALHIW01;s__CALHIW01 sp038845975,0,0,0.3,0,0,0.3,0,0,0,0,0.6
Kryptonium sp041640855,d__Bacteria;p__Bacteroidota_A;c__Kryptoniia;o__Kryptoniales;f__Kryptoniaceae;g__Kryptonium;s__Kryptonium sp041640855,0,0,0,0,0,0,0,0,0,0,0
WFWF01 sp015491275,d__Bacteria;p__Aquificota;c__Aquificia;o__Aquificales;f__Aquificaceae;g__WFWF01;s__WFWF01 sp015491275,0,0,0,0,0,0,0,0,0,0,0
Bacillus_BM vietnamensis_B,d__Bacteria;p__Bacillota;c__Bacilli;o__Bacillales_B;f__Bacillaceae_B;g__Bacillus_BM;s__Bacillus_BM vietnamensis_B,0,0,0,0,0,0,0,0,0,0,0
JANXAQ01 sp938042245,d__Bacteria;p__Planctomycetota;c__Planctomycetia;o__Pirellulales;f__Thermoguttaceae;g__JANXAQ01;s__JANXAQ01 sp938042245,0,0,0,0,0,0,0,0,0.1,0,0.1
DATDQL01 sp035292305,d__Archaea;p__Thermoplasmatota;c__SW-10-69-26;o__JACQPN01;f__JAJPHT01;g__DATDQL01;s__DATDQL01 sp035292305,0,0,0,0,0,0,0,0,0,0,0
UBA8110 sp002726945,d__Bacteria;p__SAR324;c__SAR324;o__SAR324;f__NAC60-12;g__UBA8110;s__UBA8110 sp002726945,0,0,0,0,0,0,0,0,0,0,0
Archaeoglobus sp029259415,d__Archaea;p__Halobacteriota;c__Archaeoglobi;o__Archaeoglobales;f__Archaeoglobaceae;g__Archaeoglobus;s__Archaeoglobus sp029259415,0,0,0,0,0,0.1,0,0,0,0,0.1
Hydrogenivirga sp015487835,d__Bacteria;p__Aquificota;c__Aquificia;o__Aquificales;f__Aquificaceae;g__Hydrogenivirga;s__Hydrogenivirga sp015487835,0,0,0,0,0,0,0,0,0,0,0
CALJEL01 sp947085365,d__Bacteria;p__Nitrospirota;c__Thermodesulfovibrionia;o__Thermodesulfovibrionales;f__CALJEL01;g__CALJEL01;s__CALJEL01 sp947085365,0,0,0.1,0,0,0,0,0,0,0,0.1
Paramuribaculum sp017620715,d__Bacteria;p__Bacteroidota;c__Bacteroidia;o__Bacteroidales;f__Muribaculaceae;g__Paramuribaculum;s__Paramuribaculum sp017620715,0,0,0,0,0,0,0,0,0,0,0
JAENZQ01 sp016841185,d__Bacteria;p__Bacillota;c__Clostridia;o__Peptostreptococcales;f__JAAYPU01;g__JAENZQ01;s__JAENZQ01 sp016841185,0,0,0,0,0,0,0,0,0,0,0
CAIZWN01 sp903936705,d__Bacteria;p__Myxococcota;c__UBA9042;o__DTJE01;f__DTJE01;g__CAIZWN01;s__CAIZWN01 sp903936705,0,0,0,0,0,0,0,0,0,0,0
JAOAFX01 sp036796695,d__Bacteria;p__WOR-3;c__WOR-3;o__SM23-42;f__JAOAFX01;g__JAOAFX01;s__JAOAFX01 sp036796695,0,0,0,0,0,0,0,0,0.2,0,0.2
Nitrospira_C sp946479785,d__Bacteria;p__Nitrospirota;c__Nitrospiria;o__Nitrospirales;f__Nitrospiraceae;g__Nitrospira_C;s__Nitrospira_C sp946479785,0,0,0,0,0,0,0,0,0,0,0
HRBIN21 sp039630485,d__Bacteria;p__Bacteroidota_A;c__Kapaibacteriia;o__Kapaibacteriales;f__HRBIN21;g__HRBIN21;s__HRBIN21 sp039630485,0,0,0,0,0,0,0,0,0,0,0
SXXK01 sp963977705,d__Bacteria;p__Planctomycetota;c__Planctomycetia;o__Planctomycetales;f__Planctomycetaceae;g__SXXK01;s__SXXK01 sp963977705,0,0,0,0,0,0,0,0,0.2,0,0.2
JANXAQ01 sp029550925,d__Bacteria;p__Planctomycetota;c__Planctomycetia;o__Pirellulales;f__Thermoguttaceae;g__JANXAQ01;s__JANXAQ01 sp029550925,0,0,0,0,0,0,0,0,0.1,0,0.1
DATEUP01 sp035283065,d__Archaea;p__Thermoplasmatota;c__DTKX01;o__DTKX01;f__DATEUP01;g__DATEUP01;s__DATEUP01 sp035283065,0,0,0,0,0,0,0,0,0,0,0
CALJEL01 sp036822495,d__Bacteria;p__Nitrospirota;c__Thermodesulfovibrionia;o__Thermodesulfovibrionales;f__CALJEL01;g__CALJEL01;s__CALJEL01 sp036822495,0,0,0.3,0,0,0,0,0,0.5,0,0.8
Bacillus_BM vietnamensis_A,d__Bacteria;p__Bacillota;c__Bacilli;o__Bacillales_B;f__Bacillaceae_B;g__Bacillus_BM;s__Bacillus_BM vietnamensis_A,0,0,0,0,0,0,0,0,0,0,0
RUG572 sp017459225,d__Bacteria;p__Verrucomicrobiota;c__Kiritimatiellia;o__RFP12;f__UBA1067;g__RUG572;s__RUG572 sp017459225,0,0,0,0,0,0,0,0,0,0,0
Terasakiella magnetica,d__Bacteria;p__Pseudomonadota;c__Alphaproteobacteria;o__Rhodospirillales;f__Terasakiellaceae;g__Terasakiella;s__Terasakiella magnetica,0,0,0,0,0,0,0,0,0,0,0
JAADCS01 sp027003075,d__Bacteria;p__WOR-3;c__Hydrothermia;o__LBFQ01;f__LBFQ01;g__JAADCS01;s__JAADCS01 sp027003075,0,0,0,0,0,0,0,0,0,0,0
Thermodesulfobacterium sp036781525,d__Bacteria;p__Desulfobacterota;c__Thermodesulfobacteria;o__Thermodesulfobacteriales;f__Thermodesulfobacteriaceae;g__Thermodesulfobacterium;s__Thermodesulfobacterium sp036781525,0,0,0,0,0,0,0,0,0,0,0.1
Fervidibacter sp025060205,d__Bacteria;p__Armatimonadota;c__HRBIN17;o__HRBIN17;f__HRBIN17;g__Fervidibacter;s__Fervidibacter sp025060205,0,0.1,0.1,0,0.1,0.1,0,0.1,0,0,0.6
WHTF01 sp040877705,d__Bacteria;p__Desulfobacterota_B;c__Binatia;o__UBA9968;f__UBA9968;g__WHTF01;s__WHTF01 sp040877705,0,0,0,0,0,0,0,0,0,0,0
JACTUA01 sp015660865,d__Archaea;p__Halobacteriota;c__Methanomicrobia;o__Methanomicrobiales;f__JACTUA01;g__JACTUA01;s__JACTUA01 sp015660865,0,0,0,0,0,0,0,0,0,0,0
HRBIN11 sp025061865,d__Bacteria;p__Acidobacteriota;c__HRBIN11;o__HRBIN11;f__HRBIN11;g__HRBIN11;s__HRBIN11 sp025061865,0,0,0.1,0,0,0,0,0,0,0,0.1
SbD1 sp031292195,d__Bacteria;p__Desulfobacterota;c__Syntrophobacteria;o__Syntrophobacterales;f__Syntrophobacteraceae;g__SbD1;s__SbD1 sp031292195,0,0,0,0,0,0,0,0,0,0,0
Nitrosocaldus sp938030895,d__Archaea;p__Thermoproteota;c__Nitrososphaeria;o__Nitrososphaerales;f__Nitrosocaldaceae;g__Nitrosocaldus;s__Nitrosocaldus sp938030895,0,0,0,0,0,0,0,0,0,0,0
DTDR01 sp938040315,d__Bacteria;p__WOR-3;c__WOR-3;o__UBA2258;f__DTDR01;g__DTDR01;s__DTDR01 sp938040315,0,0,0,0,0,0,0,0,0,0,0.1
UBA8904 sp003506745,d__Bacteria;p__Desulfobacterota;c__Syntrophia;o__Syntrophales;f__Smithellaceae;g__UBA8904;s__UBA8904 sp003506745,0,0,0,0,0,0,0,0,0,0,0
Collinsella sp900542895,d__Bacteria;p__Actinomycetota;c__Coriobacteriia;o__Coriobacteriales;f__Coriobacteriaceae;g__Collinsella;s__Collinsella sp900542895,0,0,0,0,0,0,0,0,0,0,0
GBS-C_Feb24_bin.109,d__Archaea;p__Thermoproteota;c__Bathyarchaeia;o__Bathyarchaeales;f__DTEX01;g__DTEX01;s__,0,0,0.9,0,0,6.2,0.4,0,0,0,7.5
Thermodesulfobacterium syntrophicum,d__Bacteria;p__Desulfobacterota;c__Thermodesulfobacteria;o__Thermodesulfobacteriales;f__Thermodesulfobacteriaceae;g__Thermodesulfobacterium;s__Thermodesulfobacterium syntrophicum,0,0,0,0,0,0.1,0,0,0,0,0.1
Naka2016 sp003731685,d__Bacteria;p__Bacteroidota_A;c__Kapaibacteriia;o__Kapaibacteriales;f__UBA2268;g__Naka2016;s__Naka2016 sp003731685,0,0,0,0,0,0,0,0,0.3,0,0.3
Caldarchaeum sp038832005,d__Archaea;p__Thermoproteota;c__Nitrososphaeria_A;o__Caldarchaeales;f__Caldarchaeaceae;g__Caldarchaeum;s__Caldarchaeum sp038832005,0,0,0.1,0,0,0.1,0.1,0,0,0,0.3
Fervidibacter sp041447035,d__Bacteria;p__Armatimonadota;c__HRBIN17;o__HRBIN17;f__HRBIN17;g__Fervidibacter;s__Fervidibacter sp041447035,0.1,0.2,0.2,0.1,0.2,0.1,0.2,0.3,0,0,1.5
Thermodesulfovibrio aggregans_A,d__Bacteria;p__Nitrospirota;c__Thermodesulfovibrionia;o__Thermodesulfovibrionales;f__Thermodesulfovibrionaceae;g__Thermodesulfovibrio;s__Thermodesulfovibrio aggregans_A,0,0,0.1,0,0,0,0,0,0.2,0,0.3
Aquifex sp015487405,d__Bacteria;p__Aquificota;c__Aquificia;o__Aquificales;f__Aquificaceae;g__Aquifex;s__Aquifex sp015487405,0,0,0,0,0,0,0,0,0,0,0
JBBQMJ01 sp038328815,d__Bacteria;p__Armatimonadota;c__Fimbriimonadia;o__Fimbriimonadales;f__Fimbriimonadaceae;g__JBBQMJ01;s__JBBQMJ01 sp038328815,0,0,0,0,0,0,0,0,0,0,0
DRYI01 sp025062195,d__Bacteria;p__Armatimonadota;c__HRBIN17;o__HRBIN17;f__DRYI01;g__DRYI01;s__DRYI01 sp025062195,0,0,0,0,0,0,0,0,0,0,0
CR02bin9 sp021604765,d__Bacteria;p__Desulfobacterota_D;c__UBA1144;o__UBA2774;f__UBA2774;g__CR02bin9;s__CR02bin9 sp021604765,0,0,0,0,0,0,0,0,0,0,0
Anoxymicrobium japonicum,d__Bacteria;p__Actinomycetota;c__Geothermincolia;o__Fen-727;f__Anoxymicrobiaceae;g__Anoxymicrobium;s__Anoxymicrobium japonicum,0,0,0,0,0,0,0,0,0,0,0
Caldarchaeum sp025054515,d__Archaea;p__Thermoproteota;c__Nitrososphaeria_A;o__Caldarchaeales;f__Caldarchaeaceae;g__Caldarchaeum;s__Caldarchaeum sp025054515,0,0,0,0,0,0.1,0.1,0,0,0,0.2
Fervidibacter sp032160945,d__Bacteria;p__Armatimonadota;c__HRBIN17;o__HRBIN17;f__HRBIN17;g__Fervidibacter;s__Fervidibacter sp032160945,0,0,0.1,0,0,0.1,0,0.1,0,0,0.4
JAMWDI01 sp026416755,d__Bacteria;p__Ratteibacteria;c__UBA8468;o__B48-G9;f__JAFGKM01;g__JAMWDI01;s__JAMWDI01 sp026416755,0,0,0,0,0,0,0,0,0,0,0.1
Methanothrix sp002067365,d__Archaea;p__Halobacteriota;c__Methanosarcinia;o__Methanotrichales;f__Methanotrichaceae;g__Methanothrix;s__Methanothrix sp002067365,0,0,0,0,0,0,0,0,0,0,0
Anaerotignum_A sp004557645,d__Bacteria;p__Bacillota;c__Clostridia;o__Lachnospirales;f__Anaerotignaceae;g__Anaerotignum_A;s__Anaerotignum_A sp004557645,0,0,0,0,0,0,0,0,0,0,0
Kryptonium tengchongense,d__Bacteria;p__Bacteroidota_A;c__Kryptoniia;o__Kryptoniales;f__Kryptoniaceae;g__Kryptonium;s__Kryptonium tengchongense,0,0,0,0,0,0,0,0,0,0,0.1
WFYI01 sp015490155,d__Bacteria;p__Aquificota;c__Aquificia;o__Aquificales;f__Aquificaceae;g__WFYI01;s__WFYI01 sp015490155,0,0,0,0,0,0,0,0,0,0,0
Balnearium sp027051905,d__Bacteria;p__Aquificota;c__Aquificia;o__Desulfurobacteriales;f__Desulfurobacteriaceae;g__Balnearium;s__Balnearium sp027051905,0,0,0,0,0,0,0,0,0,0,0
BM002 sp947259475,d__Bacteria;p__Desulfobacterota;c__Syntrophobacteria;o__BM002;f__BM002;g__BM002;s__BM002 sp947259475,0,0,0,0,0,0,0,0,0,0,0
B1 sp945898275,d__Bacteria;p__Bacteroidota;c__Bacteroidia;o__NS11-12g;f__UKL13-3;g__B1;s__B1 sp945898275,0,0,0,0,0,0,0,0,0,0,0
Corallibacter vietnamensis,d__Bacteria;p__Bacteroidota;c__Bacteroidia;o__Flavobacteriales;f__Flavobacteriaceae;g__Corallibacter;s__Corallibacter vietnamensis,0,0,0,0,0,0,0,0,0,0,0
Mediterraneibacter sp019420405,d__Bacteria;p__Bacillota;c__Clostridia;o__Lachnospirales;f__Lachnospiraceae;g__Mediterraneibacter;s__Mediterraneibacter sp019420405,0,0,0.7,0,0,0,0,0,0,0,0.7
GCA-2717565 sp002717565,d__Bacteria;p__Chloroflexota;c__Dehalococcoidia;o__GCA-2717565;f__GCA-2717565;g__GCA-2717565;s__GCA-2717565 sp002717565,0,0,0,0,0,0,0,0,0,0,0
DRYI01 sp032161065,d__Bacteria;p__Armatimonadota;c__HRBIN17;o__HRBIN17;f__DRYI01;g__DRYI01;s__DRYI01 sp032161065,0,0,0,0,0,0,0,0,0,0,0.1
JAACPJ01 sp009995455,d__Bacteria;p__Patescibacteriota;c__Gracilibacteria;o__UBA4473;f__UBA4473;g__JAACPJ01;s__JAACPJ01 sp009995455,0,0,0,0,0,0,0,0,0,0,0
CALJEJ01 sp938074745,d__Bacteria;p__Elusimicrobiota;c__Endomicrobiia;o__DTEH01;f__DTEH01;g__CALJEJ01;s__CALJEJ01 sp938074745,0,0,0,0,0,0,0,0,0,0,0.1
Hydrogenivirga sp015490105,d__Bacteria;p__Aquificota;c__Aquificia;o__Aquificales;f__Aquificaceae;g__Hydrogenivirga;s__Hydrogenivirga sp015490105,0,0,0,0,0,0,0,0,0,0,0
Methanoculleus sp002501655,d__Archaea;p__Halobacteriota;c__Methanomicrobia;o__Methanomicrobiales;f__Methanoculleaceae;g__Methanoculleus;s__Methanoculleus sp002501655,0,0,0,0,0,0,0,0,0,0,0
UBA9862 sp003444595,d__Bacteria;p__Bacillota;c__Dethiobacteria;o__DTU022;f__UBA8154;g__UBA9862;s__UBA9862 sp003444595,0,0,0,0,0,0,0,0,0,0,0
GBS-60_Mar13_bin.087,d__Bacteria;p__WOR-3;c__WOR-3;o__SM23-42;f__JAOAFX01;g__JAOAFX01;s__,0,0,0,0,0,0,0,0,1.6,0,1.6
RGIG7107 sp017538895,d__Bacteria;p__Actinomycetota;c__Actinomycetes;o__Actinomycetales;f__Bifidobacteriaceae;g__RGIG7107;s__RGIG7107 sp017538895,0,0,0,0,0,0,0,0,0,0,0
UBA183 sp021800855,d__Archaea;p__Thermoproteota;c__Nitrososphaeria;o__Nitrososphaerales;f__UBA183;g__UBA183;s__UBA183 sp021800855,0,0,0,0,0,0,0,0,0,0,0
SXXK01 sp903858815,d__Bacteria;p__Planctomycetota;c__Planctomycetia;o__Planctomycetales;f__Planctomycetaceae;g__SXXK01;s__SXXK01 sp903858815,0,0,0,0,0,0,0,0,0,0,0
UBA147 sp938004075,d__Archaea;p__Thermoplasmatota;c__Thermoplasmata;o__SG8-5;f__SG8-5;g__UBA147;s__UBA147 sp938004075,0,0,0,0,0,0,0,0,0,0,0
Celaenobacter polaris,d__Bacteria;p__Cloacimonadota;c__Cloacimonadia;o__JGIOTU-2;f__JGIOTU-2;g__Celaenobacter;s__Celaenobacter polaris,0,0,0,0,0,0,0,0,0,0,0
SZUA-224 sp913009285,d__Bacteria;p__Nitrospinota;c__SZUA-224;o__SZUA-224;f__SZUA-224;g__SZUA-224;s__SZUA-224 sp913009285,0,0,0.6,0,0,0,0,0,0.1,0,0.8
Brotaphodocola sp949840805,d__Bacteria;p__Bacillota;c__Clostridia;o__Lachnospirales;f__Lachnospiraceae;g__Brotaphodocola;s__Brotaphodocola sp949840805,0,0,0,0,0,0,0,0,0,0,0
Fervidibacter sp030550565,d__Bacteria;p__Armatimonadota;c__HRBIN17;o__HRBIN17;f__HRBIN17;g__Fervidibacter;s__Fervidibacter sp030550565,0,0.1,0.1,0.1,0.1,0.1,0,0.1,0,0,0.5
Gimesia sp002706765,d__Bacteria;p__Planctomycetota;c__Planctomycetia;o__Planctomycetales;f__Planctomycetaceae;g__Gimesia;s__Gimesia sp002706765,0,0,0,0,0,0,0,0,0,0,0
JACIXR01 sp014360495,d__Bacteria;p__Armatimonadota;c__JACIXR01;o__JACIXR01;f__JACIXR01;g__JACIXR01;s__JACIXR01 sp014360495,0,0,0.3,0,0,0,0,0,0,0,0.3
JBCNVI01 sp039804025,d__Bacteria;p__WOR-3;c__Hydrothermia;o__Hydrothermales;f__JAJRUZ01;g__JBCNVI01;s__JBCNVI01 sp039804025,0,0,0,0,0,0.1,0,0,0,0,0.1
Leptospira sanjuanensis,d__Bacteria;p__Spirochaetota;c__Leptospiria;o__Leptospirales;f__Leptospiraceae;g__Leptospira;s__Leptospira sanjuanensis,0,0,0,0,0,0,0,0,0,0,0
Fervidibacter sp025062135,d__Bacteria;p__Armatimonadota;c__HRBIN17;o__HRBIN17;f__HRBIN17;g__Fervidibacter;s__Fervidibacter sp025062135,0,0,0,0,0,0.1,0,0.1,0,0,0.3
Fervidibacter sp938074425,d__Bacteria;p__Armatimonadota;c__HRBIN17;o__HRBIN17;f__HRBIN17;g__Fervidibacter;s__Fervidibacter sp938074425,0,0.1,0.1,0,0.1,0.1,0,0.1,0,0,0.5
CALJEL01 sp938074335,d__Bacteria;p__Nitrospirota;c__Thermodesulfovibrionia;o__Thermodesulfovibrionales;f__CALJEL01;g__CALJEL01;s__CALJEL01 sp938074335,0,0,0,0,0,0,0,0,0,0,0
Chlorobium sp903929845,d__Bacteria;p__Bacteroidota_A;c__Chlorobiia;o__Chlorobiales;f__Chlorobiaceae;g__Chlorobium;s__Chlorobium sp903929845,0,0,0,0,0,0,0,0,0,0,0
Thermosaccharophagus yellowstonensis,d__Bacteria;p__Armatimonadota;c__HRBIN17;o__HRBIN17;f__DRYI01;g__Thermosaccharophagus;s__Thermosaccharophagus yellowstonensis,0,0.1,0.2,0,0.1,0.3,0,0.1,0,0,0.8
DRWZ01 sp025060505,d__Bacteria;p__Calescibacteriota;c__Calescibacteriia;o__Calescibacteriales;f__Calescibacteriaceae;g__DRWZ01;s__DRWZ01 sp025060505,0,0,0,0,0,0,0,0,0,0,0
GBS-60_Mar13_bin.063,d__Bacteria;p__Armatimonadota;c__UBA5829;o__UBA5829;f__UBA5829;g__;s__,0,0,0,0,0,0,0,0,1,0,1
CAISCU01 sp027487625,d__Bacteria;p__Bacteroidota;c__Bacteroidia;o__NS11-12g;f__UKL13-3;g__CAISCU01;s__CAISCU01 sp027487625,0,0,0,0,0,0,0,0,0,0,0
Eubacterium_J sp910574915,d__Bacteria;p__Bacillota;c__Clostridia;o__Lachnospirales;f__Lachnospiraceae;g__Eubacterium_J;s__Eubacterium_J sp910574915,0,0,0,0,0,0,0,0,0,0,0
Flavobacterium chungnamense,d__Bacteria;p__Bacteroidota;c__Bacteroidia;o__Flavobacteriales;f__Flavobacteriaceae;g__Flavobacterium;s__Flavobacterium chungnamense,0,0,0,0,0,0,0,0,0,0,0
JAKFFN01 sp038243585,d__Bacteria;p__Sumerlaeota;c__Sumerlaeia;o__Sumerlaeales;f__Sumerlaeaceae;g__JAKFFN01;s__JAKFFN01 sp038243585,0,0,0,0,0,0,0,0,0,0,0
UBA460 sp023705945,d__Archaea;p__Asgardarchaeota;c__Heimdallarchaeia;o__Heimdallarchaeales;f__Heimdallarchaeaceae;g__UBA460;s__UBA460 sp023705945,0,0,0,0,0,0,0,0,0,0,0
CAINVV01 sp903854235,d__Bacteria;p__Bacteroidota;c__Bacteroidia;o__Bacteroidales;f__Prolixibacteraceae;g__CAINVV01;s__CAINVV01 sp903854235,0,0,0,0,0,0,0,0,0,0,0
Bacteroides sp900755095,d__Bacteria;p__Bacteroidota;c__Bacteroidia;o__Bacteroidales;f__Bacteroidaceae;g__Bacteroides;s__Bacteroides sp900755095,0,0,0,0,0,0,0,0,0,0,0
UBA4851 sp002408445,d__Bacteria;p__Bacillota;c__Syntrophomonadia;o__Syntrophomonadales;f__Syntrophomonadaceae;g__UBA4851;s__UBA4851 sp002408445,0,0,0,0,0,0,0,0,0,0,0
UBA6016 sp937973585,d__Bacteria;p__Campylobacterota;c__Campylobacteria;o__Campylobacterales;f__UBA6016;g__UBA6016;s__UBA6016 sp937973585,0,0,0,0,0,0,0,0,0,0,0
JBFLYE01 sp040753555,d__Bacteria;p__UBA9089;c__UBA9088;o__UBA9088;f__UBA9088;g__JBFLYE01;s__JBFLYE01 sp040753555,0,0,0,0,0,0,0,0,0,0,0
Bacteroides timonensis,d__Bacteria;p__Bacteroidota;c__Bacteroidia;o__Bacteroidales;f__Bacteroidaceae;g__Bacteroides;s__Bacteroides timonensis,0,0,0,0,0,0,0,0,0,0,0.1
JAENZX01 sp016841045,d__Bacteria;p__Bacillota;c__Thermincolia;o__Thermincolales;f__UBA2595;g__JAENZX01;s__JAENZX01 sp016841045,0,0,0,0,0,0,0,0,0,0,0
JBECKW01 sp963677545,d__Bacteria;p__Desulfobacterota;c__Desulfobacteria;o__Desulfobacterales;f__JAFDDL01;g__JBECKW01;s__JBECKW01 sp963677545,0,0,0,0,0,0,0,0,0,0,0
Oceanobacillus indicireducens,d__Bacteria;p__Bacillota;c__Bacilli;o__Bacillales_D;f__Amphibacillaceae;g__Oceanobacillus;s__Oceanobacillus indicireducens,0,0,0.2,0,0,0,0,0,0,0,0.2
JANWYL01 sp025056955,d__Bacteria;p__Myxococcota;c__Polyangia;o__Polyangiales;f__Sandaracinaceae;g__JANWYL01;s__JANWYL01 sp025056955,0,0,0,0,0,0,0,0,0,0,0
Clostridium_AQ innocuum,d__Bacteria;p__Bacillota;c__Bacilli;o__Erysipelotrichales;f__Erysipelotrichaceae;g__Clostridium_AQ;s__Clostridium_AQ innocuum,0.1,0,0,0.1,0,0.1,0,0,0,0,0.2
JAAFHB01 sp903904515,d__Bacteria;p__Bacteroidota;c__Bacteroidia;o__Bacteroidales;f__Prolixibacteraceae;g__JAAFHB01;s__JAAFHB01 sp903904515,0,0,0,0,0,0,0,11.2,0,0,11.2
Bacteroides sp947646015,d__Bacteria;p__Bacteroidota;c__Bacteroidia;o__Bacteroidales;f__Bacteroidaceae;g__Bacteroides;s__Bacteroides sp947646015,0,0,0,0,0,0,0,0,0,0,0
GBS-C_Feb24_bin.030,d__Archaea;p__Aenigmatarchaeota;c__Aenigmatarchaeia;o__CG10238-14;f__CG10238-14;g__JAHLMN01;s__,0,0,3.1,0,0,5.4,0.3,0,0,0,8.8
GBS-C_Feb24_bin.099,d__Archaea;p__Aenigmatarchaeota;c__Aenigmatarchaeia;o__CG10238-14;f__SCSR01;g__;s__,0,0,0.4,0,0,1.2,0,0,0,0,1.7
GBS-C_Feb24_bin.077,d__Archaea;p__Aenigmatarchaeota;c__Aenigmatarchaeia;o__CG10238-14;f__SCSR01;g__JAVZGQ01;s__,0,0,0.6,0,0,1.2,0.1,0,0,0,1.9
GBS-85_Mar13_bin.071,d__Archaea;p__Aenigmatarchaeota;c__Aenigmatarchaeia;o__GW2011-AR5;f__JAHLMP01;g__JAHLMP01;s__,0,0,12,0,0,0.1,0,0,0.1,0,12.2
18H4-34 sp023705985,d__Archaea;p__Asgardarchaeota;c__Heimdallarchaeia;o__Heimdallarchaeales;f__Heimdallarchaeaceae;g__18H4-34;s__18H4-34 sp023705985,0,0,0,0,0,0,0,0,0,0,0
GBS-A_Jun24_bin.031,d__Archaea;p__Hadarchaeota;c__Hadarchaeia;o__Hadarchaeales;f__Hadarchaeaceae;g__DYTO01;s__,0.1,1.2,0.9,0.1,0,5.8,1.9,0,0,0,10
GBS-C_Feb24_bin.148,d__Archaea;p__Hadarchaeota;c__Hadarchaeia;o__Hadarchaeales;f__Hadarchaeaceae;g__DYTO01;s__,0,0.8,1.1,0,0,6.3,1.9,0,0,0,10.1
GBS-A_Feb24_bin.059,d__Archaea;p__Hadarchaeota;c__Hadarchaeia;o__Hadarchaeales;f__JAWBSP01;g__;s__,12.9,0.2,0,7.6,0.1,0.4,0,0,0,0,21.2
GBS-C_Feb24_bin.055,d__Archaea;p__Hadarchaeota;c__Hadarchaeia;o__Hadarchaeales;f__JAWBSP01;g__;s__,0.3,0.6,0.1,0.6,0,1.6,0.1,0,0,0,3.4
GBS-85_Mar13_bin.077,d__Archaea;p__Hadarchaeota;c__Hadarchaeia;o__Hadarchaeales;f__WYZ-LMO6;g__WYZ-LMO6;s__,0,0,4.7,0,0,1.9,0,0,0,0,6.6
GBS-C_Feb24_bin.121,d__Archaea;p__Hadarchaeota;c__Hadarchaeia;o__Hadarchaeales;f__WYZ-LMO6;g__WYZ-LMO6;s__,0,0.2,0.5,0,0,14.7,0.3,0,0,0,15.7
GBS70_3300020139_43,d__Archaea;p__Hadarchaeota;c__Hadarchaeia;o__Hadarchaeales;f__WYZ-LMO6;g__WYZ-LMO6;s__,0,0,4,0,0,1.8,0,0,0,0,5.9
GBS-C_Feb24_bin.088,d__Archaea;p__Halobacteriota;c__Archaeoglobi;o__Archaeoglobales;f__Archaeoglobaceae;g__;s__,0,0,2.3,0,0,1.9,0.1,0.1,0,0,4.4
Archaeoglobus sp017656475,d__Archaea;p__Halobacteriota;c__Archaeoglobi;o__Archaeoglobales;f__Archaeoglobaceae;g__Archaeoglobus;s__Archaeoglobus sp017656475,0,0,0.1,0,0,0.2,0,0,0,0,0.3
Methanoperedens sp902386135,d__Archaea;p__Halobacteriota;c__Methanosarcinia;o__Methanosarcinales;f__Methanoperedenaceae;g__Methanoperedens;s__Methanoperedens sp902386135,0,0,0,0,0,0,0,0,0,0,0
GBS-60_Mar13_bin.025,d__Archaea;p__Micrarchaeota;c__Micrarchaeia;o__Anstonellales;f__J096;g__JAWAFD01;s__,0,0,0,0,0,0,0,0,1.9,0,1.9
GBS-C_Feb24_bin.181,d__Archaea;p__Nanobdellota;c__Nanobdellia;o__Pacearchaeales;f__JAPDKA01;g__;s__,0,0,1.7,0,0,1.7,0,0,0.1,0,3.5
GBS-C_Feb24_bin.058,d__Archaea;p__Nanobdellota;c__Nanobdellia;o__Pacearchaeales;f__UBA284;g__JAVZYK01;s__,0,0,3,0,0,3.4,0.3,0,0,0,6.7
GBS-85_Mar13_bin.001,d__Archaea;p__Thermoplasmatota;c__E2;o__UBA202;f__JdFR-43;g__JACIWB01;s__,0,0,2,0,0,0.2,0,0,0,0,2.2
MGIIa-L2 sp964227855,d__Archaea;p__Thermoplasmatota;c__Poseidoniia;o__Poseidoniales;f__Poseidoniaceae;g__MGIIa-L2;s__MGIIa-L2 sp964227855,0,0,0,0,0,0,0,0,0,0,0
CALIRQ01 sp028275385,d__Archaea;p__Thermoproteota;c__Bathyarchaeia;o__40CM-2-53-6;f__CALIRQ01;g__CALIRQ01;s__CALIRQ01 sp028275385,0,0,0,0,0,0.1,0,0,0,0,0.1
DTBU01 sp018396755,d__Archaea;p__Thermoproteota;c__Bathyarchaeia;o__B24;f__B24;g__DTBU01;s__DTBU01 sp018396755,0,0,0,0,0,0,0,0,0,0,0.1
DTBU01 sp038851915,d__Archaea;p__Thermoproteota;c__Bathyarchaeia;o__B24;f__B24;g__DTBU01;s__DTBU01 sp038851915,0,0,0,0,0,0,0,0,0,0,0
DTEX01 sp018396435,d__Archaea;p__Thermoproteota;c__Bathyarchaeia;o__Bathyarchaeales;f__DTEX01;g__DTEX01;s__DTEX01 sp018396435,0,0,0,0,0,0,0,0,0,0,0
CALHIW01 sp938030905,d__Archaea;p__Thermoproteota;c__Methanomethylicia;o__CALHIW01;f__CALHIW01;g__CALHIW01;s__CALHIW01 sp938030905,0,0,0.2,0,0,0.2,0,0,0,0,0.4
Caldarchaeum sp038885755,d__Archaea;p__Thermoproteota;c__Nitrososphaeria_A;o__Caldarchaeales;f__Caldarchaeaceae;g__Caldarchaeum;s__Caldarchaeum sp038885755,0,0,0.1,0,0,0,0.1,0,0,0,0.2
HRBIN01 sp038891515,d__Archaea;p__Thermoproteota;c__Nitrososphaeria_A;o__Caldarchaeales;f__Caldarchaeaceae;g__HRBIN01;s__HRBIN01 sp038891515,0,0,0,0,0,0,0,0,0,0,0.1
IMGbin_3300000085_17,d__Archaea;p__Thermoproteota;c__Nitrososphaeria_A;o__Caldarchaeales;f__Wolframiiraptoraceae;g__Terraquivivens;s__,0,0.3,0.6,0,0,3.3,0.4,0,0,0,4.6
IMGbin_3300000106_17,d__Archaea;p__Thermoproteota;c__Nitrososphaeria_A;o__Caldarchaeales;f__Wolframiiraptoraceae;g__Terraquivivens;s__,0,0.4,0.8,0,0,4.3,0.4,0,0,0,6
IMGbin_3300000109_18,d__Archaea;p__Thermoproteota;c__Nitrososphaeria_A;o__Caldarchaeales;f__Wolframiiraptoraceae;g__Terraquivivens;s__,0,0.3,0.5,0,0,2.5,0.3,0,0,0,3.7
IMGbin_2119805007_4,d__Archaea;p__Thermoproteota;c__Nitrososphaeria;o__Conexivisphaerales;f__DTJL01;g__JAVYTR01;s__,0,0,0,0,0,0,0,0,0,0,0
IMGbin_2022920010_2,d__Archaea;p__Thermoproteota;c__Nitrososphaeria;o__Conexivisphaerales;f__UBA164;g__UBA164;s__,0,0,0,0,0,0,0,0,0,0,0
ThaumDS1,d__Archaea;p__Thermoproteota;c__Nitrososphaeria;o__Conexivisphaerales;f__UBA164;g__UBA164;s__,0,0,0,0,0,0,0,0,0,0,0.1
GBS-C_Feb24_bin.141,d__Archaea;p__Thermoproteota;c__Nitrososphaeria;o__Nitrososphaerales;f__JAAOZN01;g__JAAOZN01;s__,0,2.7,2.3,0,0,11.2,1.2,0,0,0,17.6
ThaumJ079,d__Archaea;p__Thermoproteota;c__Nitrososphaeria;o__Nitrososphaerales;f__Nitrosocaldaceae;g__;s__,0,0,0,0,0,0,0,0,0,0,0
Nitrosocaldus cavascurensis,d__Archaea;p__Thermoproteota;c__Nitrososphaeria;o__Nitrososphaerales;f__Nitrosocaldaceae;g__Nitrosocaldus;s__Nitrosocaldus cavascurensis,0,0,0,0,0,0,0,0,0,0,0
Nitrosocaldus sp002898655,d__Archaea;p__Thermoproteota;c__Nitrososphaeria;o__Nitrososphaerales;f__Nitrosocaldaceae;g__Nitrosocaldus;s__Nitrosocaldus sp002898655,0,0,0,0,0,0,0,0,0,0,0
Nitrosopelagicus brevis,d__Archaea;p__Thermoproteota;c__Nitrososphaeria;o__Nitrososphaerales;f__Nitrosopumilaceae;g__Nitrosopelagicus;s__Nitrosopelagicus brevis,0,0,0,0,0,0,0,0,0,0,0
Nitrososphaera sp039961795,d__Archaea;p__Thermoproteota;c__Nitrososphaeria;o__Nitrososphaerales;f__Nitrososphaeraceae;g__Nitrososphaera;s__Nitrososphaera sp039961795,0,0,0,0,0,0,0,0,0,0,0
TA-21 sp021324715,d__Archaea;p__Thermoproteota;c__Nitrososphaeria;o__Nitrososphaerales;f__Nitrososphaeraceae;g__TA-21;s__TA-21 sp021324715,0,0,0,0,0,0,0,0,0,0,0
GBS-B_Feb24_bin.048,d__Archaea;p__Thermoproteota;c__Thermoprotei_A;o__EX4484-217-1;f__EX4484-217-1;g__DRYM01;s__,2.2,0.1,0,0.3,0,0.3,0,0,0,0,3
GBS-60_Mar13_bin.040,d__Bacteria;p__4484-113;c__4484-113;o__4484-113;f__4484-113;g__;s__,0,0,0,0,0,0,0,0,1.8,0,1.8
GBS-85_Mar13_bin.006,d__Bacteria;p__Acidobacteriota;c__Aminicenantia;o__Aminicenantales;f__CALLJL01;g__CALLJL01;s__,0,0,2.3,0,0,0.2,0,0,2,0,4.5
GBS70_3300020139_33,d__Bacteria;p__Acidobacteriota;c__Aminicenantia;o__Aminicenantales;f__CALLJL01;g__CALLJL01;s__,0,0,1.9,0,0,0.2,0,0,1.6,0,3.7
GBS-60_Mar13_bin.050,d__Bacteria;p__Acidobacteriota;c__Aminicenantia;o__Aminicenantales;f__Saccharicenantaceae;g__Saccharicenans;s__,0,0,0,0,0,0,0,0,1.4,0,1.4
Collinsella sp900542315,d__Bacteria;p__Actinomycetota;c__Coriobacteriia;o__Coriobacteriales;f__Coriobacteriaceae;g__Collinsella;s__Collinsella sp900542315,0,0,0,0,0,0,0,0,0,0,0
Hydrogenivirga sp015487535,d__Bacteria;p__Aquificota;c__Aquificia;o__Aquificales;f__Aquificaceae;g__Hydrogenivirga;s__Hydrogenivirga sp015487535,0,0,0,0,0,0,0,0,0,0,0
Hydrogenivirga sp026983685,d__Bacteria;p__Aquificota;c__Aquificia;o__Aquificales;f__Aquificaceae;g__Hydrogenivirga;s__Hydrogenivirga sp026983685,0,0,0,0,0,0,0,0,0,0,0
Hydrogenivirga sp027014185,d__Bacteria;p__Aquificota;c__Aquificia;o__Aquificales;f__Aquificaceae;g__Hydrogenivirga;s__Hydrogenivirga sp027014185,0,0,0,0,0,0,0,0,0,0,0
Hydrogenivirga sp027049085,d__Bacteria;p__Aquificota;c__Aquificia;o__Aquificales;f__Aquificaceae;g__Hydrogenivirga;s__Hydrogenivirga sp027049085,0,0,0,0,0,0,0,0,0,0,0
UBA11096 sp026414575,d__Bacteria;p__Aquificota;c__Aquificia;o__Aquificales;f__Aquificaceae;g__UBA11096;s__UBA11096 sp026414575,0,0,0,0,0,0,0,0,0,0,0
UBA11096 sp037722135,d__Bacteria;p__Aquificota;c__Aquificia;o__Aquificales;f__Aquificaceae;g__UBA11096;s__UBA11096 sp037722135,0,0,0,0,0,0,0,0,0,0,0
UBA11096 sp037925365,d__Bacteria;p__Aquificota;c__Aquificia;o__Aquificales;f__Aquificaceae;g__UBA11096;s__UBA11096 sp037925365,0,0,0,0,0,0,0,0,0,0,0
UBA11096 sp037926525,d__Bacteria;p__Aquificota;c__Aquificia;o__Aquificales;f__Aquificaceae;g__UBA11096;s__UBA11096 sp037926525,0,0,0,0,0,0,0,0,0,0,0
WFWF01 sp015487615,d__Bacteria;p__Aquificota;c__Aquificia;o__Aquificales;f__Aquificaceae;g__WFWF01;s__WFWF01 sp015487615,0,0,0,0,0,0,0,0,0,0,0
WFWF01 sp027078675,d__Bacteria;p__Aquificota;c__Aquificia;o__Aquificales;f__Aquificaceae;g__WFWF01;s__WFWF01 sp027078675,0,0,0,0,0,0,0,0,0,0,0
QOAS01 sp012962155,d__Bacteria;p__Aquificota;c__Aquificia;o__Aquificales;f__QOAS01;g__QOAS01;s__QOAS01 sp012962155,0,0,0,0,0,0,0,0,0,0,0
Fervidibacter sp025060305,d__Bacteria;p__Armatimonadota;c__HRBIN17;o__HRBIN17;f__HRBIN17;g__Fervidibacter;s__Fervidibacter sp025060305,0,0,0,0,0,0.1,0,0,0,0,0.2
Fervidibacter sp026419315,d__Bacteria;p__Armatimonadota;c__HRBIN17;o__HRBIN17;f__HRBIN17;g__Fervidibacter;s__Fervidibacter sp026419315,0,0,0,0,0,0,0,0.1,0,0,0.3
Fervidibacter sp032161325,d__Bacteria;p__Armatimonadota;c__HRBIN17;o__HRBIN17;f__HRBIN17;g__Fervidibacter;s__Fervidibacter sp032161325,0,0,0.1,0,0,0.1,0,0.1,0,0,0.4
Ligilactobacillus sp934215475,d__Bacteria;p__Bacillota;c__Bacilli;o__Lactobacillales;f__Lactobacillaceae;g__Ligilactobacillus;s__Ligilactobacillus sp934215475,0,0,0,0,0,0,0,0,11.2,0,11.3
HGM10857 sp951800155,d__Bacteria;p__Bacillota;c__Bacilli;o__RF39;f__UBA660;g__HGM10857;s__HGM10857 sp951800155,0,0,0,0,0,0,0,0,0,0,0
UBA3210 sp945873815,d__Bacteria;p__Bacillota;c__Bacilli;o__RFN20;f__CAG-449;g__UBA3210;s__UBA3210 sp945873815,0,0,0,0,0,0,0,0,0,0,0
Blautia pseudococcoides,d__Bacteria;p__Bacillota;c__Clostridia;o__Lachnospirales;f__Lachnospiraceae;g__Blautia;s__Blautia pseudococcoides,0.1,0,0,0.2,0,0.1,0,0,0,0,0.5
CAG-791 sp017449745,d__Bacteria;p__Bacillota;c__Clostridia;o__Lachnospirales;f__Lachnospiraceae;g__CAG-791;s__CAG-791 sp017449745,0,0,0,0,0,0,0,0,0,0,0
JAUNLX01 sp902489335,d__Bacteria;p__Bacillota;c__Clostridia;o__Oscillospirales;f__Acutalibacteraceae;g__JAUNLX01;s__JAUNLX01 sp902489335,0,0,0,0,0,0,0,0,0.7,0,0.7
JAENWH01 sp038248745,d__Bacteria;p__Bacillota;c__Clostridia;o__Peptostreptococcales;f__Anaerovoracaceae;g__JAENWH01;s__JAENWH01 sp038248745,0,0,0,0,0,0,0,0,0,0,0
CABTZP01 sp902489375,d__Bacteria;p__Bacillota;c__Clostridia;o__Tissierellales;f__Peptoniphilaceae;g__CABTZP01;s__CABTZP01 sp902489375,0,0,0,0,0,0,0,0,0.2,0,0.2
JAAYMS01 sp937988745,d__Bacteria;p__Bacillota;c__Limnochordia;o__DTU010;f__DTU010;g__JAAYMS01;s__JAAYMS01 sp937988745,0,0,0,0,0,0,0,0,0,0,0
JAAYJK01 sp016841425,d__Bacteria;p__Bacillota;c__Syntrophomonadia;o__Syntrophomonadales;f__Syntrophomonadaceae;g__JAAYJK01;s__JAAYJK01 sp016841425,0,0,0,0,0,0,0,0,0,0,0
JBFYZC01 sp041309705,d__Bacteria;p__Bacillota;c__UBA4882;o__UBA8346;f__UBA8346;g__JBFYZC01;s__JBFYZC01 sp041309705,0,0,0,0,0,0,0,0,0,0,0
Kryptonium sp938074445,d__Bacteria;p__Bacteroidota_A;c__Kryptoniia;o__Kryptoniales;f__Kryptoniaceae;g__Kryptonium;s__Kryptonium sp938074445,0,0,0,0,0,0,0,0,0,0,0
Bacteroides cellulosilyticus,d__Bacteria;p__Bacteroidota;c__Bacteroidia;o__Bacteroidales;f__Bacteroidaceae;g__Bacteroides;s__Bacteroides cellulosilyticus,0.1,0,0,0.2,0,0.1,0,0,0,0,0.4
Bacteroides sp900557355,d__Bacteria;p__Bacteroidota;c__Bacteroidia;o__Bacteroidales;f__Bacteroidaceae;g__Bacteroides;s__Bacteroides sp900557355,0,0,0,0,0,0,0,0,0,0,0
Bacteroides sp900759525,d__Bacteria;p__Bacteroidota;c__Bacteroidia;o__Bacteroidales;f__Bacteroidaceae;g__Bacteroides;s__Bacteroides sp900759525,0,0,0,0,0,0,0,0,0,0,0.1
Phocaeicola sp948566455,d__Bacteria;p__Bacteroidota;c__Bacteroidia;o__Bacteroidales;f__Bacteroidaceae;g__Phocaeicola;s__Phocaeicola sp948566455,0,0,0,0,0,0,0,0,0,0,0
GCA001735715 sp964219345,d__Bacteria;p__Bacteroidota;c__Bacteroidia;o__Flavobacteriales;f__Flavobacteriaceae;g__GCA001735715;s__GCA001735715 sp964219345,0,0,0,0,0,0,0,0,8.6,0,8.6
CALHPK01 sp938036315,d__Bacteria;p__Calescibacteriota;c__Calescibacteriia;o__Calescibacteriales;f__Calescibacteriaceae;g__CALHPK01;s__CALHPK01 sp938036315,0,0,0,0,0,0,0,0,0,0,0
CALINM01 sp938045315,d__Bacteria;p__CALINM01;c__CALINM01;o__CALINM01;f__CALINM01;g__CALINM01;s__CALINM01 sp938045315,0,0,0,0,0,0,0,0,0,0,0
Campylobacter_D jejuni,d__Bacteria;p__Campylobacterota;c__Campylobacteria;o__Campylobacterales;f__Campylobacteraceae;g__Campylobacter_D;s__Campylobacter_D jejuni,0,0,0,0,0,0,0,0,0,0,0
Campylobacter_D jejuni_A,d__Bacteria;p__Campylobacterota;c__Campylobacteria;o__Campylobacterales;f__Campylobacteraceae;g__Campylobacter_D;s__Campylobacter_D jejuni_A,0,0,0,0,0,0,0,0,0,0,0
Campylobacter_D jejuni_C,d__Bacteria;p__Campylobacterota;c__Campylobacteria;o__Campylobacterales;f__Campylobacteraceae;g__Campylobacter_D;s__Campylobacter_D jejuni_C,0,0,0,0,0,0,0,0,0,0,0
Campylobacter_D jejuni_D,d__Bacteria;p__Campylobacterota;c__Campylobacteria;o__Campylobacterales;f__Campylobacteraceae;g__Campylobacter_D;s__Campylobacter_D jejuni_D,0,0,0,0,0,0,0,0,0,0,0
CAITKP01 sp903885085,d__Bacteria;p__Campylobacterota;c__Campylobacteria;o__Campylobacterales;f__Sulfurimonadaceae;g__CAITKP01;s__CAITKP01 sp903885085,0,0,0,0,0,0,0,0,0,0,0
GCA-002712965 sp913048525,d__Bacteria;p__Chloroflexota;c__Dehalococcoidia;o__CAJWPE01;f__UBA826;g__GCA-002712965;s__GCA-002712965 sp913048525,0,0,0,0,0,0,0,0,0,0,0
GCA-2717465 sp002717465,d__Bacteria;p__Chloroflexota;c__Dehalococcoidia;o__CAJWPE01;f__UBA826;g__GCA-2717465;s__GCA-2717465 sp002717465,0,0,0,0,0,0,0,0,0,0,0
JAGOCT01 sp029564175,d__Bacteria;p__Cloacimonadota;c__Cloacimonadia;o__Cloacimonadales;f__WRIO01;g__JAGOCT01;s__JAGOCT01 sp029564175,0,0,0,0,0,0,0,0,0,0,0
UBA1144 sp913051685,d__Bacteria;p__Desulfobacterota_D;c__UBA1144;o__UBA1144;f__UBA1144;g__UBA1144;s__UBA1144 sp913051685,0,0,0,0,0,0,0,0,0,0,0
Caldimicrobium sp938091475,d__Bacteria;p__Desulfobacterota;c__Thermodesulfobacteria;o__Thermodesulfobacteriales;f__Thermodesulfobacteriaceae;g__Caldimicrobium;s__Caldimicrobium sp938091475,0,0,0,0,0,0,0,0,0,0,0
GBS-85_Mar13_bin.105,d__Bacteria;p__Elusimicrobiota;c__UBA5214;o__JBBAAG01;f__;g__;s__,0,0,3.5,0,0,1.7,0,0,0,0,5.3
GBS-C_Feb24_bin.067,d__Bacteria;p__Elusimicrobiota;c__UBA5214;o__JBBAAG01;f__;g__;s__,0,0,1,0,0,1.7,0,0,0,0,2.7
GBS70_3300020139_30,d__Bacteria;p__Elusimicrobiota;c__UBA5214;o__JBBAAG01;f__;g__;s__,0,0,3.6,0,0,2.4,0,0,0,0,6
JBBIVP01 sp037439705,d__Bacteria;p__JBBIVP01;c__JBBIVP01;o__JBBIVP01;f__JBBIVP01;g__JBBIVP01;s__JBBIVP01 sp037439705,0,0,0,0,0,0,0,0,0,0,0
GBS-C_Feb24_bin.140,d__Bacteria;p__Myxococcota;c__UBA9042;o__DTJE01;f__DTJE01;g__;s__,0,0,1.3,0,0,0.1,0,0,0,0,1.5
Thermodesulfovibrio sp937998865,d__Bacteria;p__Nitrospirota;c__Thermodesulfovibrionia;o__Thermodesulfovibrionales;f__Thermodesulfovibrionaceae;g__Thermodesulfovibrio;s__Thermodesulfovibrio sp937998865,0,0,0,0,0,0,0,0,0.1,0,0.1
GBS-85_Mar13_bin.014,d__Bacteria;p__Patescibacteriota;c__Minisyncoccia;o__Minisyncoccales;f__GBS-2;g__GBS-2;s__,0,0.2,2.2,0,0,1.3,0.4,0.1,0,0,4.2
GBS-C_Feb24_bin.187,d__Bacteria;p__Patescibacteriota;c__Minisyncoccia;o__Minisyncoccales;f__GBS-2;g__GBS-2;s__,0,0,0.4,0,0,0.9,0.1,0,0,0,1.4
PWPS01 sp003554445,d__Bacteria;p__Patescibacteriota;c__Minisyncoccia;o__Minisyncoccales;f__PWPS01;g__PWPS01;s__PWPS01 sp003554445,0,0,0,0,0,0,0,0,0,0,0
Nanoperiomorbus sp963532195,d__Bacteria;p__Patescibacteriota;c__Saccharimonadia;o__Saccharimonadales;f__Nanoperiomorbaceae;g__Nanoperiomorbus;s__Nanoperiomorbus sp963532195,0,0,0,0,0,0,0,0,2,0,2
JAMWDI01 sp023819375,d__Bacteria;p__Ratteibacteria;c__UBA8468;o__B48-G9;f__JAFGKM01;g__JAMWDI01;s__JAMWDI01 sp023819375,0,0,0.1,0,0,0,0,0,0,0,0.1
JAITXS01 sp031284645,d__Bacteria;p__Spirochaetota;c__Spirochaetia;o__Treponematales;f__Breznakiellaceae;g__JAITXS01;s__JAITXS01 sp031284645,0,0,0,0,0,0,0,0,0,0,0
Hydrothermus pacificus,d__Bacteria;p__WOR-3;c__Hydrothermia;o__Hydrothermales;f__Hydrothermaceae;g__Hydrothermus;s__Hydrothermus pacificus,0,0,0,0,0,0,0,0,0,0,0.1
JBDRZD01 sp039803805,d__Bacteria;p__WOR-3;c__Hydrothermia;o__Hydrothermales;f__Hydrothermaceae;g__JBDRZD01;s__JBDRZD01 sp039803805,0,0,0.2,0,0,0.2,0,0,0,0,0.5
JAJRUZ01 sp024277525,d__Bacteria;p__WOR-3;c__Hydrothermia;o__Hydrothermales;f__JAJRUZ01;g__JAJRUZ01;s__JAJRUZ01 sp024277525,0,0,0,0,0,0,0,0,0,0,0
JAADCS01 sp027002825,d__Bacteria;p__WOR-3;c__Hydrothermia;o__LBFQ01;f__LBFQ01;g__JAADCS01;s__JAADCS01 sp027002825,0,0,0,0,0,0,0,0,0,0,0
